PRAGMA foreign_keys=OFF;
BEGIN TRANSACTION;
CREATE TABLE IF NOT EXISTS "django_migrations" ("id" integer NOT NULL PRIMARY KEY AUTOINCREMENT, "app" varchar(255) NOT NULL, "name" varchar(255) NOT NULL, "applied" datetime NOT NULL);
INSERT INTO django_migrations VALUES(1,'contenttypes','0001_initial','2023-01-08 19:33:37.276827');
INSERT INTO django_migrations VALUES(2,'auth','0001_initial','2023-01-08 19:33:37.308827');
INSERT INTO django_migrations VALUES(3,'admin','0001_initial','2023-01-08 19:33:37.331827');
INSERT INTO django_migrations VALUES(4,'admin','0002_logentry_remove_auto_add','2023-01-08 19:33:37.352827');
INSERT INTO django_migrations VALUES(5,'admin','0003_logentry_add_action_flag_choices','2023-01-08 19:33:37.366825');
INSERT INTO django_migrations VALUES(6,'contenttypes','0002_remove_content_type_name','2023-01-08 19:33:37.397827');
INSERT INTO django_migrations VALUES(7,'auth','0002_alter_permission_name_max_length','2023-01-08 19:33:37.420830');
INSERT INTO django_migrations VALUES(8,'auth','0003_alter_user_email_max_length','2023-01-08 19:33:37.439524');
INSERT INTO django_migrations VALUES(9,'auth','0004_alter_user_username_opts','2023-01-08 19:33:37.454523');
INSERT INTO django_migrations VALUES(10,'auth','0005_alter_user_last_login_null','2023-01-08 19:33:37.474881');
INSERT INTO django_migrations VALUES(11,'auth','0006_require_contenttypes_0002','2023-01-08 19:33:37.481894');
INSERT INTO django_migrations VALUES(12,'auth','0007_alter_validators_add_error_messages','2023-01-08 19:33:37.501878');
INSERT INTO django_migrations VALUES(13,'auth','0008_alter_user_username_max_length','2023-01-08 19:33:37.531879');
INSERT INTO django_migrations VALUES(14,'auth','0009_alter_user_last_name_max_length','2023-01-08 19:33:37.556878');
INSERT INTO django_migrations VALUES(15,'auth','0010_alter_group_name_max_length','2023-01-08 19:33:37.577880');
INSERT INTO django_migrations VALUES(16,'auth','0011_update_proxy_permissions','2023-01-08 19:33:37.594880');
INSERT INTO django_migrations VALUES(17,'auth','0012_alter_user_first_name_max_length','2023-01-08 19:33:37.619694');
INSERT INTO django_migrations VALUES(18,'sessions','0001_initial','2023-01-08 19:33:37.635695');
INSERT INTO django_migrations VALUES(19,'data','0001_initial','2023-01-08 19:33:41.875411');
INSERT INTO django_migrations VALUES(20,'data','0002_tguser','2023-01-12 18:48:53.729742');
INSERT INTO django_migrations VALUES(21,'data','0003_tguser_is_admin_alter_tguser_language_code','2023-01-12 19:33:04.597149');
INSERT INTO django_migrations VALUES(22,'data','0004_alter_tguser_currency','2023-01-12 20:20:04.761432');
INSERT INTO django_migrations VALUES(23,'data','0005_offer_description','2023-01-13 18:37:19.992646');
INSERT INTO django_migrations VALUES(24,'data','0006_offer_faq_link_offer_warranty','2023-01-13 20:33:54.450740');
INSERT INTO django_migrations VALUES(25,'data','0007_currencydetail_remove_offer_faq_link_subcategory_faq_and_more','2023-01-15 17:30:57.174463');
INSERT INTO django_migrations VALUES(26,'data','0008_alter_currencydetail_code_giftorder','2023-01-16 13:18:17.911212');
INSERT INTO django_migrations VALUES(27,'data','0009_giftorder_created_at_alter_giftorder_amount_and_more','2023-01-16 14:10:32.237145');
INSERT INTO django_migrations VALUES(28,'data','0010_alter_giftorder_created_at','2023-01-16 14:11:37.193872');
INSERT INTO django_migrations VALUES(29,'data','0011_alter_giftorder_amount_alter_giftorder_offer','2023-01-17 11:14:31.247980');
INSERT INTO django_migrations VALUES(30,'data','0012_alter_category_options_alter_subcategory_options_and_more','2023-01-18 11:58:18.420932');
INSERT INTO django_migrations VALUES(31,'data','0013_alter_offer_options','2023-01-18 12:44:52.835063');
INSERT INTO django_migrations VALUES(32,'django_celery_beat','0001_initial','2023-01-18 15:12:47.922280');
INSERT INTO django_migrations VALUES(33,'django_celery_beat','0002_auto_20161118_0346','2023-01-18 15:12:48.068105');
INSERT INTO django_migrations VALUES(34,'django_celery_beat','0003_auto_20161209_0049','2023-01-18 15:12:48.132563');
INSERT INTO django_migrations VALUES(35,'django_celery_beat','0004_auto_20170221_0000','2023-01-18 15:12:48.193651');
INSERT INTO django_migrations VALUES(36,'django_celery_beat','0005_add_solarschedule_events_choices','2023-01-18 15:12:48.253631');
INSERT INTO django_migrations VALUES(37,'django_celery_beat','0006_auto_20180322_0932','2023-01-18 15:12:48.350379');
INSERT INTO django_migrations VALUES(38,'django_celery_beat','0007_auto_20180521_0826','2023-01-18 15:12:48.426281');
INSERT INTO django_migrations VALUES(39,'django_celery_beat','0008_auto_20180914_1922','2023-01-18 15:12:48.503971');
INSERT INTO django_migrations VALUES(40,'django_celery_beat','0006_auto_20180210_1226','2023-01-18 15:12:48.570768');
INSERT INTO django_migrations VALUES(41,'django_celery_beat','0006_periodictask_priority','2023-01-18 15:12:48.635668');
INSERT INTO django_migrations VALUES(42,'django_celery_beat','0009_periodictask_headers','2023-01-18 15:12:48.722296');
INSERT INTO django_migrations VALUES(43,'django_celery_beat','0010_auto_20190429_0326','2023-01-18 15:12:48.887148');
INSERT INTO django_migrations VALUES(44,'django_celery_beat','0011_auto_20190508_0153','2023-01-18 15:12:49.009296');
INSERT INTO django_migrations VALUES(45,'django_celery_beat','0012_periodictask_expire_seconds','2023-01-18 15:12:49.073331');
INSERT INTO django_migrations VALUES(46,'django_celery_beat','0013_auto_20200609_0727','2023-01-18 15:12:49.141651');
INSERT INTO django_migrations VALUES(47,'django_celery_beat','0014_remove_clockedschedule_enabled','2023-01-18 15:12:49.209297');
INSERT INTO django_migrations VALUES(48,'django_celery_beat','0015_edit_solarschedule_events_choices','2023-01-18 15:12:49.295936');
INSERT INTO django_migrations VALUES(49,'django_celery_beat','0016_alter_crontabschedule_timezone','2023-01-18 15:12:49.394365');
INSERT INTO django_migrations VALUES(50,'django_celery_results','0001_initial','2023-01-18 15:12:49.540095');
INSERT INTO django_migrations VALUES(51,'django_celery_results','0002_add_task_name_args_kwargs','2023-01-18 15:12:49.606925');
INSERT INTO django_migrations VALUES(52,'django_celery_results','0003_auto_20181106_1101','2023-01-18 15:12:49.664712');
INSERT INTO django_migrations VALUES(53,'django_celery_results','0004_auto_20190516_0412','2023-01-18 15:12:49.769130');
INSERT INTO django_migrations VALUES(54,'django_celery_results','0005_taskresult_worker','2023-01-18 15:12:49.883430');
INSERT INTO django_migrations VALUES(55,'django_celery_results','0006_taskresult_date_created','2023-01-18 15:12:49.971789');
INSERT INTO django_migrations VALUES(56,'django_celery_results','0007_remove_taskresult_hidden','2023-01-18 15:12:50.037381');
INSERT INTO django_migrations VALUES(57,'django_celery_results','0008_chordcounter','2023-01-18 15:12:50.110279');
INSERT INTO django_migrations VALUES(58,'django_celery_results','0009_groupresult','2023-01-18 15:12:50.245040');
INSERT INTO django_migrations VALUES(59,'django_celery_results','0010_remove_duplicate_indices','2023-01-18 15:12:50.325283');
INSERT INTO django_migrations VALUES(60,'django_celery_results','0011_taskresult_periodic_task_name','2023-01-18 15:12:50.385355');
INSERT INTO django_migrations VALUES(61,'data','0014_paymentmethod_giftorder_price_tguser_is_active_and_more','2023-01-18 21:21:00.047678');
INSERT INTO django_migrations VALUES(62,'data','0015_paymentmethod_api_key_conf','2023-01-18 21:32:40.645231');
INSERT INTO django_migrations VALUES(63,'data','0016_paymentmethod_is_active','2023-01-18 21:44:55.797371');
INSERT INTO django_migrations VALUES(64,'data','0017_auto_20230119_1429','2023-01-19 14:30:04.192064');
INSERT INTO django_migrations VALUES(65,'data','0017_giftorder_callback_id','2023-01-19 14:32:08.919870');
INSERT INTO django_migrations VALUES(66,'data','0018_auto_20230119_1432','2023-01-19 14:34:30.347040');
INSERT INTO django_migrations VALUES(67,'data','0019_alter_giftorder_callback_id_alter_giftorder_id','2023-01-19 14:35:16.862858');
INSERT INTO django_migrations VALUES(68,'data','0020_alter_giftorder_id','2023-01-19 14:38:30.906218');
INSERT INTO django_migrations VALUES(69,'data','0021_paymentmethod_secret_key_conf','2023-01-19 15:58:50.115254');
INSERT INTO django_migrations VALUES(70,'data','0022_currencydetail_type_payment','2023-01-19 17:17:47.978679');
INSERT INTO django_migrations VALUES(71,'data','0023_alter_currencydetail_code','2023-01-19 17:28:06.124478');
INSERT INTO django_migrations VALUES(72,'data','0024_alter_currencydetail_code','2023-01-19 17:35:35.767300');
INSERT INTO django_migrations VALUES(73,'data','0025_alter_currencydetail_code','2023-01-19 17:36:06.741980');
INSERT INTO django_migrations VALUES(74,'data','0026_alter_currencydetail_code','2023-01-19 17:36:43.992951');
INSERT INTO django_migrations VALUES(75,'data','0024_alter_currencydetail_country','2023-01-19 17:44:20.178655');
INSERT INTO django_migrations VALUES(76,'data','0025_payment_txid_payment__type_payment_bc_id_and_more','2023-01-20 15:31:33.969647');
INSERT INTO django_migrations VALUES(77,'data','0026_payment_address','2023-01-20 15:57:08.893791');
INSERT INTO django_migrations VALUES(78,'data','0027_remove_payment_currency','2023-01-20 15:58:09.907332');
INSERT INTO django_migrations VALUES(79,'data','0028_giftorder_txid','2023-01-20 16:06:58.986056');
INSERT INTO django_migrations VALUES(80,'data','0029_alter_paymentaddress_network','2023-01-23 19:58:05.299017');
INSERT INTO django_migrations VALUES(81,'data','0030_paymentstatus_alter_giftorder_status','2023-01-23 21:16:45.823363');
INSERT INTO django_migrations VALUES(82,'data','0031_alter_paymentstatus_options_and_more','2023-01-23 21:25:11.967375');
INSERT INTO django_migrations VALUES(83,'data','0032_paymentstatus_ru_name','2023-01-23 21:25:44.642457');
INSERT INTO django_migrations VALUES(84,'data','0033_giftorder_payment_address_alter_paymentstatus_name','2023-01-24 13:44:19.685516');
INSERT INTO django_migrations VALUES(85,'data','0034_giftorder_gift_code','2023-01-24 16:15:39.433311');
INSERT INTO django_migrations VALUES(86,'data','0035_alter_payment_txid_alter_payment_address_and_more','2023-01-24 18:44:27.247432');
INSERT INTO django_migrations VALUES(87,'data','0036_tguser_chat_id','2023-01-24 18:55:25.558156');
INSERT INTO django_migrations VALUES(88,'data','0037_payment_fiat_amount','2023-01-24 19:02:53.518886');
INSERT INTO django_migrations VALUES(89,'data','0038_payment_currency','2023-01-24 19:25:54.065466');
INSERT INTO django_migrations VALUES(90,'data','0039_alter_payment_amount_alter_payment_fiat_amount','2023-01-25 14:33:38.268330');
INSERT INTO django_migrations VALUES(91,'data','0040_offer_is_active','2023-01-26 20:22:50.921069');
CREATE TABLE IF NOT EXISTS "auth_group_permissions" ("id" integer NOT NULL PRIMARY KEY AUTOINCREMENT, "group_id" integer NOT NULL REFERENCES "auth_group" ("id") DEFERRABLE INITIALLY DEFERRED, "permission_id" integer NOT NULL REFERENCES "auth_permission" ("id") DEFERRABLE INITIALLY DEFERRED);
CREATE TABLE IF NOT EXISTS "auth_user_groups" ("id" integer NOT NULL PRIMARY KEY AUTOINCREMENT, "user_id" integer NOT NULL REFERENCES "auth_user" ("id") DEFERRABLE INITIALLY DEFERRED, "group_id" integer NOT NULL REFERENCES "auth_group" ("id") DEFERRABLE INITIALLY DEFERRED);
CREATE TABLE IF NOT EXISTS "auth_user_user_permissions" ("id" integer NOT NULL PRIMARY KEY AUTOINCREMENT, "user_id" integer NOT NULL REFERENCES "auth_user" ("id") DEFERRABLE INITIALLY DEFERRED, "permission_id" integer NOT NULL REFERENCES "auth_permission" ("id") DEFERRABLE INITIALLY DEFERRED);
INSERT INTO auth_user_user_permissions VALUES(1,3,32);
INSERT INTO auth_user_user_permissions VALUES(2,3,36);
INSERT INTO auth_user_user_permissions VALUES(3,3,38);
INSERT INTO auth_user_user_permissions VALUES(4,3,40);
INSERT INTO auth_user_user_permissions VALUES(5,3,44);
INSERT INTO auth_user_user_permissions VALUES(6,3,48);
INSERT INTO auth_user_user_permissions VALUES(7,3,52);
INSERT INTO auth_user_user_permissions VALUES(8,3,54);
INSERT INTO auth_user_user_permissions VALUES(9,3,56);
INSERT INTO auth_user_user_permissions VALUES(10,3,28);
CREATE TABLE IF NOT EXISTS "django_admin_log" ("id" integer NOT NULL PRIMARY KEY AUTOINCREMENT, "object_id" text NULL, "object_repr" varchar(200) NOT NULL, "action_flag" smallint unsigned NOT NULL CHECK ("action_flag" >= 0), "change_message" text NOT NULL, "content_type_id" integer NULL REFERENCES "django_content_type" ("id") DEFERRABLE INITIALLY DEFERRED, "user_id" integer NOT NULL REFERENCES "auth_user" ("id") DEFERRABLE INITIALLY DEFERRED, "action_time" datetime NOT NULL);
INSERT INTO django_admin_log VALUES(1,'3','TgUser object (3)',2,'[{"changed": {"fields": ["Username", "Currency"]}}]',12,2,'2023-01-17 21:46:14.962647');
INSERT INTO django_admin_log VALUES(2,'1','admin',3,'',4,2,'2023-01-17 21:48:23.984755');
INSERT INTO django_admin_log VALUES(3,'3','admin',2,'[{"changed": {"fields": ["Superuser status", "User permissions"]}}]',4,2,'2023-01-18 11:34:47.399514');
INSERT INTO django_admin_log VALUES(4,'287','AUD Australia',2,'[{"changed": {"fields": ["Country"]}}]',13,2,'2023-01-18 15:18:19.380135');
INSERT INTO django_admin_log VALUES(5,'1','* 1 * * * (m/h/dM/MY/d) UTC',1,'[{"added": {}}]',15,2,'2023-01-18 15:25:07.555234');
INSERT INTO django_admin_log VALUES(6,'1','every hour',1,'[{"added": {}}]',16,2,'2023-01-18 15:25:34.769147');
INSERT INTO django_admin_log VALUES(7,'1','celery.backend_cleanup: 0 4 * * * (m/h/dM/MY/d) UTC',2,'[]',17,2,'2023-01-18 15:29:24.244144');
INSERT INTO django_admin_log VALUES(8,'2','every 2 seconds',1,'[{"added": {}}]',16,2,'2023-01-18 15:34:55.293715');
INSERT INTO django_admin_log VALUES(9,'2','paxfull_gifts.tasks.sample_task: every 2 seconds',1,'[{"added": {}}]',17,2,'2023-01-18 15:41:31.125143');
INSERT INTO django_admin_log VALUES(10,'2','paxfull_gifts.tasks.sample_task: every 2 seconds',3,'',17,2,'2023-01-18 15:50:52.661034');
INSERT INTO django_admin_log VALUES(11,'3','TEST: every 2 seconds',1,'[{"added": {}}]',17,2,'2023-01-18 15:56:44.835858');
INSERT INTO django_admin_log VALUES(12,'3','TEST: * 1 * * * (m/h/dM/MY/d) UTC',2,'[{"changed": {"fields": ["Interval Schedule", "Crontab Schedule"]}}]',17,2,'2023-01-18 16:02:10.378858');
INSERT INTO django_admin_log VALUES(13,'1','1 * * * * (m/h/dM/MY/d) UTC',2,'[{"changed": {"fields": ["Minute(s)", "Hour(s)"]}}]',15,2,'2023-01-18 16:02:56.721419');
INSERT INTO django_admin_log VALUES(14,'3','TEST: 1 * * * * (m/h/dM/MY/d) UTC',2,'[{"changed": {"fields": ["Task (registered)", "Task (custom)"]}}]',17,2,'2023-01-18 16:03:35.875532');
INSERT INTO django_admin_log VALUES(15,'3','TEST: every 2 seconds',2,'[{"changed": {"fields": ["Interval Schedule", "Crontab Schedule"]}}]',17,2,'2023-01-18 16:03:59.485196');
INSERT INTO django_admin_log VALUES(16,'3','TEST: every 2 seconds',2,'[]',17,2,'2023-01-18 16:06:38.513232');
INSERT INTO django_admin_log VALUES(17,'3','TEST: every 2 seconds',2,'[{"changed": {"fields": ["Task (registered)"]}}]',17,2,'2023-01-18 16:07:48.120668');
INSERT INTO django_admin_log VALUES(18,'3','TEST: every 2 seconds',2,'[{"changed": {"fields": ["Task (registered)"]}}]',17,2,'2023-01-18 16:08:02.241483');
INSERT INTO django_admin_log VALUES(19,'3','paxful_gifts.task.sample_task: 1 * * * * (m/h/dM/MY/d) UTC',2,'[{"changed": {"fields": ["Name", "Interval Schedule", "Crontab Schedule"]}}]',17,2,'2023-01-18 16:09:57.646661');
INSERT INTO django_admin_log VALUES(20,'3','paxful_gifts.task.sample_task: 1 * * * * (m/h/dM/MY/d) UTC',2,'[{"changed": {"fields": ["Task (custom)"]}}]',17,2,'2023-01-18 16:10:37.565410');
INSERT INTO django_admin_log VALUES(21,'3','TEST: every 2 seconds',2,'[{"changed": {"fields": ["Name", "Task (registered)", "Task (custom)", "Interval Schedule", "Crontab Schedule"]}}]',17,2,'2023-01-18 16:18:14.875191');
INSERT INTO django_admin_log VALUES(22,'3','TEST: every 2 seconds',3,'',17,2,'2023-01-18 17:15:57.711669');
INSERT INTO django_admin_log VALUES(23,'4','Update Offer: every hour',1,'[{"added": {}}]',17,2,'2023-01-18 17:30:56.436813');
INSERT INTO django_admin_log VALUES(24,'3','every 7 days',1,'[{"added": {}}]',16,2,'2023-01-18 17:31:30.080134');
INSERT INTO django_admin_log VALUES(25,'5','Update All Offer desc: every 7 days',1,'[{"added": {}}]',17,2,'2023-01-18 17:32:07.770847');
INSERT INTO django_admin_log VALUES(26,'4','every day',1,'[{"added": {}}]',16,2,'2023-01-18 17:32:39.947652');
INSERT INTO django_admin_log VALUES(27,'6','Update Category and SubCategory: every day',1,'[{"added": {}}]',17,2,'2023-01-18 17:33:18.903137');
INSERT INTO django_admin_log VALUES(28,'7','Update Tags: every 7 days',1,'[{"added": {}}]',17,2,'2023-01-18 17:33:44.476642');
INSERT INTO django_admin_log VALUES(29,'7','Update Tags: every 2 seconds',2,'[{"changed": {"fields": ["Interval Schedule"]}}]',17,2,'2023-01-18 17:34:34.269037');
INSERT INTO django_admin_log VALUES(30,'8','test: every 2 seconds',1,'[{"added": {}}]',17,2,'2023-01-18 17:42:09.454184');
INSERT INTO django_admin_log VALUES(31,'8','test: every 2 seconds',3,'',17,2,'2023-01-18 21:23:55.279346');
INSERT INTO django_admin_log VALUES(32,'7','Update Tags: every 7 days',2,'[{"changed": {"fields": ["Interval Schedule", "Start Datetime"]}}]',17,2,'2023-01-18 21:24:16.071049');
INSERT INTO django_admin_log VALUES(33,'7','Update Tags: every 7 days',3,'',17,2,'2023-01-18 21:26:11.883334');
INSERT INTO django_admin_log VALUES(34,'6','Update Category and SubCategory: every day',3,'',17,2,'2023-01-18 21:26:11.893280');
INSERT INTO django_admin_log VALUES(35,'5','Update All Offer desc: every 7 days',3,'',17,2,'2023-01-18 21:26:11.899765');
INSERT INTO django_admin_log VALUES(36,'4','Update Offer: every hour',3,'',17,2,'2023-01-18 21:26:11.906900');
INSERT INTO django_admin_log VALUES(37,'9','Update Offer Data: every hour',1,'[{"added": {}}]',17,2,'2023-01-18 21:26:32.706321');
INSERT INTO django_admin_log VALUES(38,'10','Update ALL Offer desc: every day',1,'[{"added": {}}]',17,2,'2023-01-18 21:27:06.820719');
INSERT INTO django_admin_log VALUES(39,'11','Update subcat and cat: every day',1,'[{"added": {}}]',17,2,'2023-01-18 21:27:35.014293');
INSERT INTO django_admin_log VALUES(40,'12','Update tags: every 7 days',1,'[{"added": {}}]',17,2,'2023-01-18 21:27:58.909382');
INSERT INTO django_admin_log VALUES(41,'13','test: every 2 seconds',1,'[{"added": {}}]',17,2,'2023-01-18 21:28:24.296152');
INSERT INTO django_admin_log VALUES(42,'1','PaymentMethod object (1)',1,'[{"added": {}}]',24,2,'2023-01-18 21:39:36.158131');
INSERT INTO django_admin_log VALUES(43,'2','PaymentMethod object (2)',1,'[{"added": {}}]',24,2,'2023-01-18 21:40:02.296074');
INSERT INTO django_admin_log VALUES(44,'1','PaymentAddress object (1)',1,'[{"added": {}}]',25,2,'2023-01-18 21:41:48.929769');
INSERT INTO django_admin_log VALUES(45,'2','ETH',1,'[{"added": {}}]',25,2,'2023-01-18 21:43:39.112054');
INSERT INTO django_admin_log VALUES(46,'2','ETH',2,'[]',25,2,'2023-01-18 21:45:43.951461');
INSERT INTO django_admin_log VALUES(47,'9','Open / gera_di / Apple Store Gift Card',1,'[{"added": {}}]',14,2,'2023-01-19 17:39:37.665708');
INSERT INTO django_admin_log VALUES(48,'292','ETH None',2,'[{"changed": {"fields": ["Type"]}}]',13,2,'2023-01-19 17:44:39.362880');
INSERT INTO django_admin_log VALUES(49,'291','BTC None',2,'[{"changed": {"fields": ["Type"]}}]',13,2,'2023-01-19 17:44:46.179558');
INSERT INTO django_admin_log VALUES(50,'3','PayPal',1,'[{"added": {}}]',25,2,'2023-01-23 19:58:11.820763');
INSERT INTO django_admin_log VALUES(51,'1','Open',1,'[{"added": {}}]',27,2,'2023-01-23 21:25:18.418130');
INSERT INTO django_admin_log VALUES(52,'2','Pending',1,'[{"added": {}}]',27,2,'2023-01-23 21:26:03.413253');
INSERT INTO django_admin_log VALUES(53,'1','Open',2,'[{"changed": {"fields": ["Ru name"]}}]',27,2,'2023-01-23 21:26:13.394047');
INSERT INTO django_admin_log VALUES(54,'3','Payment Received',1,'[{"added": {}}]',27,2,'2023-01-23 21:27:21.752477');
INSERT INTO django_admin_log VALUES(55,'4','Processing',1,'[{"added": {}}]',27,2,'2023-01-24 14:55:56.878170');
INSERT INTO django_admin_log VALUES(56,'5','Complete',1,'[{"added": {}}]',27,2,'2023-01-24 14:57:06.760853');
INSERT INTO django_admin_log VALUES(57,'8','BTC 12% Amazon Gift Card 100 USD',2,'[{"changed": {"fields": ["Status", "Price", "TxID", "Payment address"]}}]',14,2,'2023-01-24 14:59:42.518424');
INSERT INTO django_admin_log VALUES(58,'5','PayPal 12% Amazon Gift Card 50 USD',2,'[{"changed": {"fields": ["Status"]}}]',14,2,'2023-01-24 16:12:37.109040');
INSERT INTO django_admin_log VALUES(59,'5','PayPal 12% Amazon Gift Card 50 USD',2,'[{"changed": {"fields": ["Gift code"]}}]',14,2,'2023-01-24 16:16:22.411830');
INSERT INTO django_admin_log VALUES(60,'5','Completed',2,'[{"changed": {"fields": ["Name"]}}]',27,2,'2023-01-24 18:10:11.839461');
INSERT INTO django_admin_log VALUES(61,'1','Open',2,'[{"changed": {"fields": ["Ru name"]}}]',27,2,'2023-01-24 18:10:32.119288');
INSERT INTO django_admin_log VALUES(62,'8','BTC 12% Amazon Gift Card 100 USD',2,'[{"changed": {"fields": ["Gift code"]}}]',14,2,'2023-01-24 18:34:03.030734');
INSERT INTO django_admin_log VALUES(63,'8','BTC 12% Amazon Gift Card 100 USD',2,'[{"changed": {"fields": ["Gift code"]}}]',14,2,'2023-01-24 18:37:47.036143');
INSERT INTO django_admin_log VALUES(64,'8','BTC 12% Amazon Gift Card 100 USD',2,'[{"changed": {"fields": ["Gift code"]}}]',14,2,'2023-01-24 18:38:13.147299');
INSERT INTO django_admin_log VALUES(65,'8','BTC 12% Amazon Gift Card 100 USD',2,'[{"changed": {"fields": ["Gift code"]}}]',14,2,'2023-01-24 18:39:02.805988');
INSERT INTO django_admin_log VALUES(66,'1','Payment object (1)',1,'[{"added": {}}]',26,2,'2023-01-24 18:44:30.418309');
INSERT INTO django_admin_log VALUES(67,'1','Payment object (1)',2,'[{"changed": {"fields": ["TxID"]}}]',26,2,'2023-01-24 18:49:59.968709');
INSERT INTO django_admin_log VALUES(68,'1','gera_di',2,'[{"changed": {"fields": ["Chat id"]}}]',12,2,'2023-01-24 18:56:48.340142');
INSERT INTO django_admin_log VALUES(69,'2','Payment object (2)',1,'[{"added": {}}]',26,2,'2023-01-25 13:58:04.003194');
INSERT INTO django_admin_log VALUES(70,'2','Payment object (2)',2,'[{"changed": {"fields": ["TxID"]}}]',26,2,'2023-01-25 14:13:16.664803');
INSERT INTO django_admin_log VALUES(71,'2','Payment object (2)',2,'[{"changed": {"fields": ["TxID", "Amount", "Fiat amount"]}}]',26,2,'2023-01-25 14:16:41.199571');
INSERT INTO django_admin_log VALUES(72,'2','Payment object (2)',2,'[{"changed": {"fields": ["TxID", "Fiat amount"]}}]',26,2,'2023-01-25 14:20:34.633866');
INSERT INTO django_admin_log VALUES(73,'3','Payment object (3)',1,'[{"added": {}}]',26,2,'2023-01-25 14:33:53.027991');
INSERT INTO django_admin_log VALUES(74,'3','Payment object (3)',2,'[{"changed": {"fields": ["TxID", "Fiat amount"]}}]',26,2,'2023-01-25 14:42:25.853910');
INSERT INTO django_admin_log VALUES(75,'3','Payment object (3)',2,'[{"changed": {"fields": ["TxID"]}}]',26,2,'2023-01-25 14:45:29.117409');
INSERT INTO django_admin_log VALUES(76,'3','Payment object (3)',2,'[{"changed": {"fields": ["TxID"]}}]',26,2,'2023-01-25 14:46:38.307809');
INSERT INTO django_admin_log VALUES(77,'3','Payment object (3)',2,'[{"changed": {"fields": ["Fiat amount"]}}]',26,2,'2023-01-25 14:47:28.594097');
INSERT INTO django_admin_log VALUES(78,'3','Payment object (3)',2,'[{"changed": {"fields": ["TxID", "Fiat amount"]}}]',26,2,'2023-01-25 14:48:33.024087');
INSERT INTO django_admin_log VALUES(79,'3','Payment object (3)',2,'[{"changed": {"fields": ["TxID", "Fiat amount"]}}]',26,2,'2023-01-25 14:49:38.478361');
INSERT INTO django_admin_log VALUES(80,'3','Payment object (3)',2,'[{"changed": {"fields": ["TxID"]}}]',26,2,'2023-01-25 14:50:46.378142');
INSERT INTO django_admin_log VALUES(81,'3','Payment object (3)',2,'[{"changed": {"fields": ["TxID", "Fiat amount"]}}]',26,2,'2023-01-25 14:51:34.659730');
INSERT INTO django_admin_log VALUES(82,'3','Payment object (3)',2,'[{"changed": {"fields": ["TxID"]}}]',26,2,'2023-01-25 14:52:28.393757');
INSERT INTO django_admin_log VALUES(83,'2','Payment object (2)',2,'[{"changed": {"fields": ["TxID", "Amount", "Fiat amount"]}}]',26,2,'2023-01-25 14:54:59.264680');
INSERT INTO django_admin_log VALUES(84,'2','Payment object (2)',2,'[{"changed": {"fields": ["TxID", "Fiat amount"]}}]',26,2,'2023-01-25 14:57:00.324092');
INSERT INTO django_admin_log VALUES(85,'2','Payment object (2)',2,'[]',26,2,'2023-01-25 14:57:06.496593');
INSERT INTO django_admin_log VALUES(86,'4','Payment object (4)',1,'[{"added": {}}]',26,2,'2023-01-25 15:00:40.983653');
INSERT INTO django_admin_log VALUES(87,'5','Payment object (5)',1,'[{"added": {}}]',26,2,'2023-01-25 15:03:48.082833');
INSERT INTO django_admin_log VALUES(88,'6','Payment object (6)',1,'[{"added": {}}]',26,2,'2023-01-25 15:04:27.635074');
INSERT INTO django_admin_log VALUES(89,'26','PayPal 8% Amazon Gift Card 200 USD',2,'[{"changed": {"fields": ["Status", "Gift code"]}}]',14,2,'2023-01-25 15:24:27.939642');
INSERT INTO django_admin_log VALUES(90,'25','PayPal 8% Amazon Gift Card 49 USD',2,'[{"changed": {"fields": ["Status", "Gift code"]}}]',14,2,'2023-01-25 15:40:17.086782');
INSERT INTO django_admin_log VALUES(91,'24','PayPal 8% Amazon Gift Card 49 USD',2,'[{"changed": {"fields": ["Status", "Gift code"]}}]',14,2,'2023-01-25 15:40:51.600332');
CREATE TABLE IF NOT EXISTS "django_content_type" ("id" integer NOT NULL PRIMARY KEY AUTOINCREMENT, "app_label" varchar(100) NOT NULL, "model" varchar(100) NOT NULL);
INSERT INTO django_content_type VALUES(1,'admin','logentry');
INSERT INTO django_content_type VALUES(2,'auth','permission');
INSERT INTO django_content_type VALUES(3,'auth','group');
INSERT INTO django_content_type VALUES(4,'auth','user');
INSERT INTO django_content_type VALUES(5,'contenttypes','contenttype');
INSERT INTO django_content_type VALUES(6,'sessions','session');
INSERT INTO django_content_type VALUES(7,'data','category');
INSERT INTO django_content_type VALUES(8,'data','tag');
INSERT INTO django_content_type VALUES(9,'data','offerdetail');
INSERT INTO django_content_type VALUES(10,'data','offer');
INSERT INTO django_content_type VALUES(11,'data','subcategory');
INSERT INTO django_content_type VALUES(12,'data','tguser');
INSERT INTO django_content_type VALUES(13,'data','currencydetail');
INSERT INTO django_content_type VALUES(14,'data','giftorder');
INSERT INTO django_content_type VALUES(15,'django_celery_beat','crontabschedule');
INSERT INTO django_content_type VALUES(16,'django_celery_beat','intervalschedule');
INSERT INTO django_content_type VALUES(17,'django_celery_beat','periodictask');
INSERT INTO django_content_type VALUES(18,'django_celery_beat','periodictasks');
INSERT INTO django_content_type VALUES(19,'django_celery_beat','solarschedule');
INSERT INTO django_content_type VALUES(20,'django_celery_beat','clockedschedule');
INSERT INTO django_content_type VALUES(21,'django_celery_results','taskresult');
INSERT INTO django_content_type VALUES(22,'django_celery_results','chordcounter');
INSERT INTO django_content_type VALUES(23,'django_celery_results','groupresult');
INSERT INTO django_content_type VALUES(24,'data','paymentmethod');
INSERT INTO django_content_type VALUES(25,'data','paymentaddress');
INSERT INTO django_content_type VALUES(26,'data','payment');
INSERT INTO django_content_type VALUES(27,'data','paymentstatus');
CREATE TABLE IF NOT EXISTS "auth_permission" ("id" integer NOT NULL PRIMARY KEY AUTOINCREMENT, "content_type_id" integer NOT NULL REFERENCES "django_content_type" ("id") DEFERRABLE INITIALLY DEFERRED, "codename" varchar(100) NOT NULL, "name" varchar(255) NOT NULL);
INSERT INTO auth_permission VALUES(1,1,'add_logentry','Can add log entry');
INSERT INTO auth_permission VALUES(2,1,'change_logentry','Can change log entry');
INSERT INTO auth_permission VALUES(3,1,'delete_logentry','Can delete log entry');
INSERT INTO auth_permission VALUES(4,1,'view_logentry','Can view log entry');
INSERT INTO auth_permission VALUES(5,2,'add_permission','Can add permission');
INSERT INTO auth_permission VALUES(6,2,'change_permission','Can change permission');
INSERT INTO auth_permission VALUES(7,2,'delete_permission','Can delete permission');
INSERT INTO auth_permission VALUES(8,2,'view_permission','Can view permission');
INSERT INTO auth_permission VALUES(9,3,'add_group','Can add group');
INSERT INTO auth_permission VALUES(10,3,'change_group','Can change group');
INSERT INTO auth_permission VALUES(11,3,'delete_group','Can delete group');
INSERT INTO auth_permission VALUES(12,3,'view_group','Can view group');
INSERT INTO auth_permission VALUES(13,4,'add_user','Can add user');
INSERT INTO auth_permission VALUES(14,4,'change_user','Can change user');
INSERT INTO auth_permission VALUES(15,4,'delete_user','Can delete user');
INSERT INTO auth_permission VALUES(16,4,'view_user','Can view user');
INSERT INTO auth_permission VALUES(17,5,'add_contenttype','Can add content type');
INSERT INTO auth_permission VALUES(18,5,'change_contenttype','Can change content type');
INSERT INTO auth_permission VALUES(19,5,'delete_contenttype','Can delete content type');
INSERT INTO auth_permission VALUES(20,5,'view_contenttype','Can view content type');
INSERT INTO auth_permission VALUES(21,6,'add_session','Can add session');
INSERT INTO auth_permission VALUES(22,6,'change_session','Can change session');
INSERT INTO auth_permission VALUES(23,6,'delete_session','Can delete session');
INSERT INTO auth_permission VALUES(24,6,'view_session','Can view session');
INSERT INTO auth_permission VALUES(25,7,'add_category','Can add category');
INSERT INTO auth_permission VALUES(26,7,'change_category','Can change category');
INSERT INTO auth_permission VALUES(27,7,'delete_category','Can delete category');
INSERT INTO auth_permission VALUES(28,7,'view_category','Can view category');
INSERT INTO auth_permission VALUES(29,8,'add_tag','Can add tag');
INSERT INTO auth_permission VALUES(30,8,'change_tag','Can change tag');
INSERT INTO auth_permission VALUES(31,8,'delete_tag','Can delete tag');
INSERT INTO auth_permission VALUES(32,8,'view_tag','Can view tag');
INSERT INTO auth_permission VALUES(33,9,'add_offerdetail','Can add offer detail');
INSERT INTO auth_permission VALUES(34,9,'change_offerdetail','Can change offer detail');
INSERT INTO auth_permission VALUES(35,9,'delete_offerdetail','Can delete offer detail');
INSERT INTO auth_permission VALUES(36,9,'view_offerdetail','Can view offer detail');
INSERT INTO auth_permission VALUES(37,10,'add_offer','Can add offer');
INSERT INTO auth_permission VALUES(38,10,'change_offer','Can change offer');
INSERT INTO auth_permission VALUES(39,10,'delete_offer','Can delete offer');
INSERT INTO auth_permission VALUES(40,10,'view_offer','Can view offer');
INSERT INTO auth_permission VALUES(41,11,'add_subcategory','Can add subcategory');
INSERT INTO auth_permission VALUES(42,11,'change_subcategory','Can change subcategory');
INSERT INTO auth_permission VALUES(43,11,'delete_subcategory','Can delete subcategory');
INSERT INTO auth_permission VALUES(44,11,'view_subcategory','Can view subcategory');
INSERT INTO auth_permission VALUES(45,12,'add_tguser','Can add tg user');
INSERT INTO auth_permission VALUES(46,12,'change_tguser','Can change tg user');
INSERT INTO auth_permission VALUES(47,12,'delete_tguser','Can delete tg user');
INSERT INTO auth_permission VALUES(48,12,'view_tguser','Can view tg user');
INSERT INTO auth_permission VALUES(49,13,'add_currencydetail','Can add currency detail');
INSERT INTO auth_permission VALUES(50,13,'change_currencydetail','Can change currency detail');
INSERT INTO auth_permission VALUES(51,13,'delete_currencydetail','Can delete currency detail');
INSERT INTO auth_permission VALUES(52,13,'view_currencydetail','Can view currency detail');
INSERT INTO auth_permission VALUES(53,14,'add_giftorder','Can add gift order');
INSERT INTO auth_permission VALUES(54,14,'change_giftorder','Can change gift order');
INSERT INTO auth_permission VALUES(55,14,'delete_giftorder','Can delete gift order');
INSERT INTO auth_permission VALUES(56,14,'view_giftorder','Can view gift order');
INSERT INTO auth_permission VALUES(57,15,'add_crontabschedule','Can add crontab');
INSERT INTO auth_permission VALUES(58,15,'change_crontabschedule','Can change crontab');
INSERT INTO auth_permission VALUES(59,15,'delete_crontabschedule','Can delete crontab');
INSERT INTO auth_permission VALUES(60,15,'view_crontabschedule','Can view crontab');
INSERT INTO auth_permission VALUES(61,16,'add_intervalschedule','Can add interval');
INSERT INTO auth_permission VALUES(62,16,'change_intervalschedule','Can change interval');
INSERT INTO auth_permission VALUES(63,16,'delete_intervalschedule','Can delete interval');
INSERT INTO auth_permission VALUES(64,16,'view_intervalschedule','Can view interval');
INSERT INTO auth_permission VALUES(65,17,'add_periodictask','Can add periodic task');
INSERT INTO auth_permission VALUES(66,17,'change_periodictask','Can change periodic task');
INSERT INTO auth_permission VALUES(67,17,'delete_periodictask','Can delete periodic task');
INSERT INTO auth_permission VALUES(68,17,'view_periodictask','Can view periodic task');
INSERT INTO auth_permission VALUES(69,18,'add_periodictasks','Can add periodic tasks');
INSERT INTO auth_permission VALUES(70,18,'change_periodictasks','Can change periodic tasks');
INSERT INTO auth_permission VALUES(71,18,'delete_periodictasks','Can delete periodic tasks');
INSERT INTO auth_permission VALUES(72,18,'view_periodictasks','Can view periodic tasks');
INSERT INTO auth_permission VALUES(73,19,'add_solarschedule','Can add solar event');
INSERT INTO auth_permission VALUES(74,19,'change_solarschedule','Can change solar event');
INSERT INTO auth_permission VALUES(75,19,'delete_solarschedule','Can delete solar event');
INSERT INTO auth_permission VALUES(76,19,'view_solarschedule','Can view solar event');
INSERT INTO auth_permission VALUES(77,20,'add_clockedschedule','Can add clocked');
INSERT INTO auth_permission VALUES(78,20,'change_clockedschedule','Can change clocked');
INSERT INTO auth_permission VALUES(79,20,'delete_clockedschedule','Can delete clocked');
INSERT INTO auth_permission VALUES(80,20,'view_clockedschedule','Can view clocked');
INSERT INTO auth_permission VALUES(81,21,'add_taskresult','Can add task result');
INSERT INTO auth_permission VALUES(82,21,'change_taskresult','Can change task result');
INSERT INTO auth_permission VALUES(83,21,'delete_taskresult','Can delete task result');
INSERT INTO auth_permission VALUES(84,21,'view_taskresult','Can view task result');
INSERT INTO auth_permission VALUES(85,22,'add_chordcounter','Can add chord counter');
INSERT INTO auth_permission VALUES(86,22,'change_chordcounter','Can change chord counter');
INSERT INTO auth_permission VALUES(87,22,'delete_chordcounter','Can delete chord counter');
INSERT INTO auth_permission VALUES(88,22,'view_chordcounter','Can view chord counter');
INSERT INTO auth_permission VALUES(89,23,'add_groupresult','Can add group result');
INSERT INTO auth_permission VALUES(90,23,'change_groupresult','Can change group result');
INSERT INTO auth_permission VALUES(91,23,'delete_groupresult','Can delete group result');
INSERT INTO auth_permission VALUES(92,23,'view_groupresult','Can view group result');
INSERT INTO auth_permission VALUES(93,24,'add_paymentmethod','Can add payment method');
INSERT INTO auth_permission VALUES(94,24,'change_paymentmethod','Can change payment method');
INSERT INTO auth_permission VALUES(95,24,'delete_paymentmethod','Can delete payment method');
INSERT INTO auth_permission VALUES(96,24,'view_paymentmethod','Can view payment method');
INSERT INTO auth_permission VALUES(97,25,'add_paymentaddress','Can add payment address');
INSERT INTO auth_permission VALUES(98,25,'change_paymentaddress','Can change payment address');
INSERT INTO auth_permission VALUES(99,25,'delete_paymentaddress','Can delete payment address');
INSERT INTO auth_permission VALUES(100,25,'view_paymentaddress','Can view payment address');
INSERT INTO auth_permission VALUES(101,26,'add_payment','Can add payment');
INSERT INTO auth_permission VALUES(102,26,'change_payment','Can change payment');
INSERT INTO auth_permission VALUES(103,26,'delete_payment','Can delete payment');
INSERT INTO auth_permission VALUES(104,26,'view_payment','Can view payment');
INSERT INTO auth_permission VALUES(105,27,'add_paymentstatus','Can add payment status');
INSERT INTO auth_permission VALUES(106,27,'change_paymentstatus','Can change payment status');
INSERT INTO auth_permission VALUES(107,27,'delete_paymentstatus','Can delete payment status');
INSERT INTO auth_permission VALUES(108,27,'view_paymentstatus','Can view payment status');
CREATE TABLE IF NOT EXISTS "auth_group" ("id" integer NOT NULL PRIMARY KEY AUTOINCREMENT, "name" varchar(150) NOT NULL UNIQUE);
CREATE TABLE IF NOT EXISTS "auth_user" ("id" integer NOT NULL PRIMARY KEY AUTOINCREMENT, "password" varchar(128) NOT NULL, "last_login" datetime NULL, "is_superuser" bool NOT NULL, "username" varchar(150) NOT NULL UNIQUE, "last_name" varchar(150) NOT NULL, "email" varchar(254) NOT NULL, "is_staff" bool NOT NULL, "is_active" bool NOT NULL, "date_joined" datetime NOT NULL, "first_name" varchar(150) NOT NULL);
INSERT INTO auth_user VALUES(2,'pbkdf2_sha256$390000$z2vRsCzvi6XVuPXvLQPl4f$IQODZcrusbjeHpLjjI/HRdsEJAK3U0XIdyMYew4Z/RE=','2023-01-23 19:42:47.139659',1,'diana','','diana.matkava.pr@gmail.com',1,1,'2023-01-17 21:42:48.039021','');
INSERT INTO auth_user VALUES(3,'pbkdf2_sha256$390000$SDQgvJSGs7jgT3cfvdVOQo$oUHZJFRtDmDSDRxjkmRb1vaQC8Fhb3c0Q9p65XSfADE=','2023-01-18 15:17:31.447754',0,'admin','','admin@gmail.com',1,1,'2023-01-18 11:32:55','');
CREATE TABLE IF NOT EXISTS "django_session" ("session_key" varchar(40) NOT NULL PRIMARY KEY, "session_data" text NOT NULL, "expire_date" datetime NOT NULL);
INSERT INTO django_session VALUES('a92nkoj32js7ohdj8ldzda9kvfl94ky8','.eJxVjEEOgjAQRe_StWk6LR06Lt17BjKdoYIaSCisjHdXEha6_e-9_zIdb-vQbbVfulHN2YA5_W6Z5dFPO9A7T7fZyjyty5jtrtiDVnudtX9eDvfvYOA6fGv0qJoKFWJ0SB4QBdRJkBRbCB4ypRDVp-IQKDCXmNsmq4CQ87kx7w_HgjdE:1pEc5q:PzFGG9PfcU1mIaKlwyd0AAPfqmwulo_eqAxcWFBw90Q','2023-01-22 20:16:34.663658');
INSERT INTO django_session VALUES('ohfm2s6fhdbuuxzhnxoboe2hrnthbepl','.eJxVjDsOwjAQRO_iGlm7sfHGlPQ5Q7T-4QCypTipEHcHSymgnHlv5iVm3rc87y2u8xLERQzi9Ns59o9YOgh3LrcqfS3bujjZFXnQJqca4vN6uH8HmVv-rl1EMNoSI2jDlKzp0XnAhOScStqOBGwIIgFGHj3qdA6DAoMIqMT7A8EhNpo:1pHu77:gOI0uRYDqLtAWhM6634pzJzo93gjEexftCNjZ3nBtJI','2023-01-31 22:07:29.381338');
INSERT INTO django_session VALUES('rciqn0ht1xwqnrruwvygue1ji5wnr350','.eJxVjDsOwjAQRO_iGlm7sfHGlPQ5Q7T-4QCypTipEHcHSymgnHlv5iVm3rc87y2u8xLERQzi9Ns59o9YOgh3LrcqfS3bujjZFXnQJqca4vN6uH8HmVv-rl1EMNoSI2jDlKzp0XnAhOScStqOBGwIIgFGHj3qdA6DAoMIqMT7A8EhNpo:1pHu7E:DKYKLYazFdeK9SYXIT_5B4-CvRm1BaRJaAT8C0mwEZ0','2023-01-31 22:07:36.642713');
INSERT INTO django_session VALUES('ce0cwz88qqnzn145i5v0bz0cq57dqmd4','.eJxVjDsOwjAQRO_iGlm7sfHGlPQ5Q7T-4QCypTipEHcHSymgnHlv5iVm3rc87y2u8xLERQzi9Ns59o9YOgh3LrcqfS3bujjZFXnQJqca4vN6uH8HmVv-rl1EMNoSI2jDlKzp0XnAhOScStqOBGwIIgFGHj3qdA6DAoMIqMT7A8EhNpo:1pI73O:PmMNmVGw_RCVnU253mq6l7mfm1c5K7eMHNPZUoZqLR8','2023-02-01 11:56:30.615312');
INSERT INTO django_session VALUES('kh4so8prql818pz82hzmfogrceizsotg','.eJxVjDsOwjAQRO_iGlm7sfHGlPQ5Q7T-4QCypTipEHcHSymgnHlv5iVm3rc87y2u8xLERQzi9Ns59o9YOgh3LrcqfS3bujjZFXnQJqca4vN6uH8HmVv-rl1EMNoSI2jDlKzp0XnAhOScStqOBGwIIgFGHj3qdA6DAoMIqMT7A8EhNpo:1pI7vL:ZvUgvShTghS36oALNyn27Rx232iucKM4ok4asDwIuzA','2023-02-01 12:52:15.521571');
INSERT INTO django_session VALUES('qe35dvcubqj6si6yce07hlan7vsbuu1j','.eJxVjDsOwjAQRO_iGlm7sfHGlPQ5Q7T-4QCypTipEHcHSymgnHlv5iVm3rc87y2u8xLERQzi9Ns59o9YOgh3LrcqfS3bujjZFXnQJqca4vN6uH8HmVv-rl1EMNoSI2jDlKzp0XnAhOScStqOBGwIIgFGHj3qdA6DAoMIqMT7A8EhNpo:1pIACD:cEPm7qgcm02aslr543dHHRD3rsd60zl4NkvhdRDLG58','2023-02-01 15:17:49.930146');
INSERT INTO django_session VALUES('gqai1gwi42k61pfbue2eq8s6h0fciply','.eJxVjDsOwjAQRO_iGlm7sfHGlPQ5Q7T-4QCypTipEHcHSymgnHlv5iVm3rc87y2u8xLERQzi9Ns59o9YOgh3LrcqfS3bujjZFXnQJqca4vN6uH8HmVv-rl1EMNoSI2jDlKzp0XnAhOScStqOBGwIIgFGHj3qdA6DAoMIqMT7A8EhNpo:1pK2iN:_6mbt04YV3XDwe39fI6zE-_fvxB1FJ2utsKDIme9GIY','2023-02-06 19:42:47.151909');
CREATE TABLE IF NOT EXISTS "data_category" ("id" integer NOT NULL PRIMARY KEY AUTOINCREMENT, "px_id" integer NOT NULL, "name" varchar(255) NOT NULL, "ru_name" varchar(255) NOT NULL, "px_slug" varchar(255) NOT NULL);
INSERT INTO data_category VALUES(1,1,'Food and restaurants','Еда и рестораны','food_beverage_and_restaurants');
INSERT INTO data_category VALUES(2,2,'Gaming','Игры','gaming');
INSERT INTO data_category VALUES(3,3,'Movies and entertainment','Кинотеатры и развлечения','movies_and_entertainment');
INSERT INTO data_category VALUES(4,4,'Department stores / retail','Магазины','apparel_and_sportswear');
INSERT INTO data_category VALUES(5,5,'Electronics','Электроника','tech_and_office');
INSERT INTO data_category VALUES(6,6,'Travel, Taxi and Destinations','Путешествия, такси и туризм','travel_taxi_and_destinations');
INSERT INTO data_category VALUES(7,7,'Mobile Refills','Пополнение мобильного счета','mobile_refills');
INSERT INTO data_category VALUES(8,8,'Prepaid credit cards','Предоплаченные кредитные карты','prepaid_credit_cards');
INSERT INTO data_category VALUES(9,9,'Online shopping and Retail','Покупки онлайн и в магазинах','online_shopping_and_retail');
INSERT INTO data_category VALUES(10,10,'Beauty','Косметические товары','beauty');
INSERT INTO data_category VALUES(11,11,'Other','Другое','other_gambling');
CREATE TABLE IF NOT EXISTS "data_offerdetail" ("id" integer NOT NULL PRIMARY KEY AUTOINCREMENT, "px_id" varchar(255) NOT NULL, "feedback_negative" integer NOT NULL, "feedback_positive" integer NOT NULL, "predefined_amount" text NOT NULL CHECK ((JSON_VALID("predefined_amount") OR "predefined_amount" IS NULL)), "fiat_amount_range_min" integer NOT NULL, "fiat_amount_range_max" integer NOT NULL, "fiat_price_per_btc" real NOT NULL, "price_per_btc" real NOT NULL, "fee_percentage" integer NOT NULL, "payment_method_group_id" integer NOT NULL, "percent_per_usd" real NOT NULL, "require_full_name_visibility" bool NOT NULL, "default_flow_type" varchar(255) NOT NULL);
INSERT INTO data_offerdetail VALUES(1,'mCQC7ooTEFL',0,7547,'[150]',150,150,42925.680000000000289,0.49692142000000000257,5,1,101.23000000000000397,0,'default');
INSERT INTO data_offerdetail VALUES(2,'muE3VmhJhiK',1,7636,'"null"',10,10000,45135.220000000001163,0.50094514999999995019,5,1,99.620000000000004545,0,'default');
INSERT INTO data_offerdetail VALUES(3,'F6iLhnKmtMv',1,7636,'"null"',23,1047,45135.220000000001163,0.50094514999999995019,5,1,99.620000000000004545,0,'default');
INSERT INTO data_offerdetail VALUES(4,'3yrw3dJ5Mnu',1,7636,'"null"',10,500,40847.374100000000906,0.55353061000000003399,5,1,80.650000000000005686,0,'default');
INSERT INTO data_offerdetail VALUES(5,'gLWoJAmicpb',1,7636,'"null"',16,118,37462.232600000003003,0.60354841999999997437,5,1,65.680000000000006822,0,'default');
INSERT INTO data_offerdetail VALUES(6,'hKXnWHeXEia',1,7636,'"null"',10,700,37462.232600000003003,0.60354841999999997437,5,1,65.680000000000006822,0,'default');
INSERT INTO data_offerdetail VALUES(7,'HsDxNNtS9YR',1,7636,'"null"',10,3799,34754.119400000003225,0.65057810999999998724,5,1,53.700000000000002843,0,'default');
INSERT INTO data_offerdetail VALUES(8,'Mxdo1y2VoSb',1,7636,'"null"',25,225,40283.025875999999699,0.75330101999999998785,5,1,32.740000000000001989,0,'default');
INSERT INTO data_offerdetail VALUES(9,'wnwnKW41eYV',0,7434,'"null"',10,30,22517.471900000000459,0.75204318999999997252,5,1,32.969999999999998862,0,'default');
INSERT INTO data_offerdetail VALUES(10,'gpFRjMi4SiL',1,7636,'"null"',200,2150,30014.921300000001792,0.75330101999999998785,5,1,32.740000000000001989,0,'default');
INSERT INTO data_offerdetail VALUES(11,'FDVcN2HPWiH',1,7636,'"null"',50,1500,30014.921300000001792,0.75330101999999998785,5,1,32.740000000000001989,0,'default');
INSERT INTO data_offerdetail VALUES(12,'bjBqrGQnstD',1,7636,'"null"',20,90,39980.145982000001822,0.75900769000000001263,5,1,31.749999999999999999,0,'default');
INSERT INTO data_offerdetail VALUES(13,'nAhrgeH53XY',0,7515,'[59]',59,59,25988.3125,0.80156731999999997206,5,1,24.749999999999999999,0,'default');
INSERT INTO data_offerdetail VALUES(14,'2WdQFmz8g5k',1,7636,'"null"',10,110,28209.512500000000728,0.80151231999999994481,5,1,24.760000000000001562,0,'default');
INSERT INTO data_offerdetail VALUES(15,'a8fgckSZqVF',1,7636,'"null"',100,3500,28209.512500000000728,0.80151231999999994481,5,1,24.760000000000001562,0,'default');
INSERT INTO data_offerdetail VALUES(16,'1x4hdFp3N8M',0,1536,'"null"',10,500,24467.637599999998202,0.8717918799999999635,5,1,14.699999999999999289,0,'default');
INSERT INTO data_offerdetail VALUES(17,'scK78uR4A4Y',1,1098,'[25, 50]',25,50,29595.068856999998388,0.83351430000000004127,5,1,19.969999999999998863,0,'default');
INSERT INTO data_offerdetail VALUES(18,'A187votVBQY',4,2310,'"null"',25,100,27502.319999999999709,0.83254684999999994943,5,1,20.109999999999999431,0,'default');
INSERT INTO data_offerdetail VALUES(19,'dhEkJp66vJs',1,7636,'[59]',59,59,24855.062948999999206,0.83490865999999996915,5,1,19.769999999999999573,0,'default');
INSERT INTO data_offerdetail VALUES(20,'jSVqHKBc6a8',1,1098,'[25, 50]',25,50,20316.51599999999962,0.83351430000000004127,5,1,19.969999999999998863,0,'default');
INSERT INTO data_offerdetail VALUES(21,'hCzxUAkuRA7',1,1098,'[25, 50, 100]',25,100,20316.51599999999962,0.83351430000000004127,5,1,19.969999999999998863,0,'default');
INSERT INTO data_offerdetail VALUES(22,'agLBmFwSZsG',1,1098,'[25, 50]',25,50,20316.51599999999962,0.83351430000000004127,5,1,19.969999999999998863,0,'default');
INSERT INTO data_offerdetail VALUES(23,'LFzr9qupgKu',1,1098,'[25, 50, 100]',25,100,20316.51599999999962,0.83351430000000004127,5,1,19.969999999999998863,0,'default');
INSERT INTO data_offerdetail VALUES(24,'KGwXW2uy2xE',1,1098,'[25, 50]',25,50,20316.51599999999962,0.83351430000000004127,5,1,19.969999999999998863,0,'default');
INSERT INTO data_offerdetail VALUES(25,'2YWY6dux8BH',4,2222,'[25]',25,25,23027.723939999999857,0.83496586999999999889,5,1,19.760000000000001563,0,'default');
INSERT INTO data_offerdetail VALUES(26,'CFsgHrVQcLM',0,7515,'[50, 75, 125]',50,125,32727.54971999999907,0.85273124000000000144,5,1,17.269999999999999573,0,'default');
INSERT INTO data_offerdetail VALUES(27,'YDub5h9yiUx',0,7434,'"null"',100,400,19893.255249999998341,0.85124860999999996113,5,1,17.469999999999998863,0,'default');
INSERT INTO data_offerdetail VALUES(28,'xzv8y4YcnCY',4,2313,'"null"',10,100,26291.265650000001188,0.85999153999999999875,5,1,16.280000000000001136,0,'default');
INSERT INTO data_offerdetail VALUES(29,'rE9P3gwiYfM',1,2051,'"null"',10,500,19639.298800000000483,0.86225629000000003632,5,1,15.970000000000000639,0,'default');
INSERT INTO data_offerdetail VALUES(30,'rzKEiwtVVkP',1,7636,'[50]',50,50,25952.751499999998487,0.87120902000000000064,5,1,14.77999999999999936,0,'gcc-auto');
INSERT INTO data_offerdetail VALUES(31,'xAGeE84wZ1V',0,83589,'"null"',25,800,25952.751499999998487,0.87120902000000000064,5,1,14.77999999999999936,0,'default');
INSERT INTO data_offerdetail VALUES(32,'WAjhUf9KM9W',1,7636,'[18]',18,18,25952.751499999998487,0.87120902000000000064,5,1,14.77999999999999936,0,'default');
INSERT INTO data_offerdetail VALUES(33,'iABMAxnFLhg',1,1098,'[25, 50]',25,50,19469.994500000000698,0.86975442000000002806,5,1,14.970000000000000639,0,'default');
INSERT INTO data_offerdetail VALUES(34,'hRA8GcBgHfU',0,1536,'"null"',10,500,24682.265999999999622,0.86421102999999999116,5,1,15.710000000000000852,0,'default');
INSERT INTO data_offerdetail VALUES(35,'rfrcvrLrkk9',0,1586,'"null"',50,100,18313.476825999998254,0.86975442000000002806,5,1,14.970000000000000639,0,'default');
INSERT INTO data_offerdetail VALUES(36,'k7HHckwryn3',0,1536,'"null"',10,500,24682.265999999999622,0.86421102999999999116,5,1,15.710000000000000852,0,'default');
INSERT INTO data_offerdetail VALUES(37,'cpiEBDBzn5c',0,1536,'"null"',10,500,24682.265999999999622,0.86421102999999999116,5,1,15.710000000000000852,0,'default');
INSERT INTO data_offerdetail VALUES(38,'vtbZhQxz7mg',0,1536,'"null"',10,500,24253.009200000000419,0.87950691000000003061,5,1,13.699999999999999289,0,'default');
INSERT INTO data_offerdetail VALUES(39,'9CQFWTYLYup',1,7636,'"null"',10,3000,25952.751499999998487,0.87120902000000000064,5,1,14.77999999999999936,0,'default');
INSERT INTO data_offerdetail VALUES(40,'XKcv8gwoEbw',1,2107,'"null"',11,1000,23405.184277000000293,0.88662856999999994922,5,1,12.77999999999999936,0,'default');
INSERT INTO data_offerdetail VALUES(41,'Hg4UFvZio93',2,706,'[25, 100, 250]',25,250,25501.399300000000948,0.88662856999999994922,5,1,12.77999999999999936,0,'gcc-auto');
INSERT INTO data_offerdetail VALUES(42,'4KTYa1HPRNp',1,462,'[200]',200,200,19120.741300000001502,0.88564087000000002447,5,1,12.910000000000000141,0,'gcc-auto');
INSERT INTO data_offerdetail VALUES(43,'5iiiGzAasae',0,1918,'[50]',50,50,18995.942459999998391,0.89145943000000005262,5,1,12.169999999999999929,0,'default');
INSERT INTO data_offerdetail VALUES(44,'hJveEkqFnaF',1,2102,'"null"',11,500,23608.483973999998851,0.89217581999999995279,5,1,12.080000000000000071,0,'default');
INSERT INTO data_offerdetail VALUES(45,'zsfGajmW1aM',2,706,'[25, 50, 100, 250, 500]',25,500,25275.723200000000359,0.89454504000000001351,5,1,11.77999999999999936,0,'gcc-auto');
INSERT INTO data_offerdetail VALUES(46,'t95kEyryF9P',1,2107,'"null"',10,1000,25523.966909999999189,0.88584456000000000308,5,1,12.880000000000000782,0,'default');
INSERT INTO data_offerdetail VALUES(47,'fYewpXvq3tH',1,2102,'"null"',10,500,25435.24510999999984,0.90020619999999995641,5,1,11.080000000000000071,0,'default');
INSERT INTO data_offerdetail VALUES(48,'T9h59wQCCWA',1,7636,'[50]',50,50,25050.047099999999773,0.90260377999999996667,5,1,10.789999999999999146,0,'gcc-auto');
INSERT INTO data_offerdetail VALUES(49,'cAPkC2v2n9a',1,7636,'"null"',10,1000,25050.047099999999773,0.90260377999999996667,5,1,10.789999999999999146,0,'default');
INSERT INTO data_offerdetail VALUES(50,'wobYZwEG2Fj',3,1511,'[25]',25,25,25050.047099999999773,0.90260377999999996667,5,1,10.789999999999999146,0,'gcc-auto');
INSERT INTO data_offerdetail VALUES(51,'KTAorAtfiCw',3,1511,'[25, 50]',25,50,25050.047099999999773,0.90260377999999996667,5,1,10.789999999999999146,0,'gcc-auto');
INSERT INTO data_offerdetail VALUES(52,'Ku8raMB5sG9',4,2310,'[20]',20,20,26557.05159999999887,0.86218046999999997659,5,1,15.980000000000000425,0,'default');
INSERT INTO data_offerdetail VALUES(53,'yChminT4GBd',4,2313,'"null"',25,200,24937.209050000001297,0.90668802999999997815,5,1,10.289999999999999147,0,'default');
INSERT INTO data_offerdetail VALUES(54,'S3zotoPF7cK',4,2313,'"null"',10,100,24937.209050000001297,0.90668802999999997815,5,1,10.289999999999999147,0,'default');
INSERT INTO data_offerdetail VALUES(55,'dxHFoVhUnMU',4,2313,'"null"',25,100,24937.209050000001297,0.90668802999999997815,5,1,10.289999999999999147,0,'default');
INSERT INTO data_offerdetail VALUES(56,'XfRQcD3pBoR',4,2313,'"null"',25,100,24937.209050000001297,0.90668802999999997815,5,1,10.289999999999999147,0,'default');
INSERT INTO data_offerdetail VALUES(57,'iYfoxGbKt4J',4,2313,'"null"',10,100,24937.209050000001297,0.90668802999999997815,5,1,10.289999999999999147,0,'default');
INSERT INTO data_offerdetail VALUES(58,'6BrBmPMVcF8',4,2313,'"null"',25,100,24937.209050000001297,0.90668802999999997815,5,1,10.289999999999999147,0,'default');
INSERT INTO data_offerdetail VALUES(59,'22TdTPvvoYs',4,2313,'"null"',25,200,24937.209050000001297,0.90668802999999997815,5,1,10.289999999999999147,0,'default');
INSERT INTO data_offerdetail VALUES(60,'gvYdut6G6Dd',4,2313,'"null"',25,100,24937.209050000001297,0.90668802999999997815,5,1,10.289999999999999147,0,'default');
INSERT INTO data_offerdetail VALUES(61,'aqVrZrWArZk',3,1511,'[10, 20]',10,20,24824.370999999999184,0.91080941000000004148,5,1,9.7899999999999991473,0,'gcc-auto');
INSERT INTO data_offerdetail VALUES(62,'H9kHqnUb9xx',3,1511,'[10]',10,10,24824.370999999999184,0.91080941000000004148,5,1,9.7899999999999991473,0,'gcc-auto');
INSERT INTO data_offerdetail VALUES(63,'e9Mnh9R3DCq',3,1511,'[37]',37,37,91179.91468299999542,0.91080941000000004148,5,1,9.7899999999999991473,0,'gcc-auto');
INSERT INTO data_offerdetail VALUES(64,'zc4m2XqkNBn',2,706,'[25, 100, 200]',25,200,24824.370999999999184,0.91080941000000004148,5,1,9.7899999999999991473,0,'gcc-auto');
INSERT INTO data_offerdetail VALUES(65,'Cwwb5ihPdaM',3,1511,'[25]',25,25,24824.370999999999184,0.91080941000000004148,5,1,9.7899999999999991473,0,'gcc-auto');
INSERT INTO data_offerdetail VALUES(66,'hqNGQoMaNSR',0,243,'[50, 100]',50,100,24824.370999999999184,0.91080941000000004148,5,1,9.7899999999999991473,0,'gcc-auto');
INSERT INTO data_offerdetail VALUES(67,'jzJujf2coah',0,241,'[50, 100]',50,100,25063.469962999999551,0.9092886500000000316,5,1,9.9700000000000006394,0,'gcc-auto');
INSERT INTO data_offerdetail VALUES(68,'U9ysUwPXAqv',0,1536,'"null"',10,500,23609.123999999999795,0.90349363999999998675,5,1,10.679999999999999715,0,'default');
INSERT INTO data_offerdetail VALUES(69,'Ls322GthVpx',0,1536,'"null"',10,500,23609.123999999999795,0.90349363999999998675,5,1,10.679999999999999715,0,'default');
INSERT INTO data_offerdetail VALUES(70,'zunoQ69wkxT',0,1536,'"null"',10,500,23609.123999999999795,0.90349363999999998675,5,1,10.679999999999999715,0,'default');
INSERT INTO data_offerdetail VALUES(71,'yAFc75ijFfQ',1,212,'[50, 100, 200, 500]',50,500,25755.407999999999446,0.82820229999999994685,5,1,20.739999999999998436,0,'default');
INSERT INTO data_offerdetail VALUES(72,'QMpG61hL7Mk',1,212,'"null"',50,500,25755.407999999999446,0.82820229999999994685,5,1,20.739999999999998436,0,'default');
INSERT INTO data_offerdetail VALUES(73,'Wojb3JMyG27',1,7636,'"null"',10,112,37462.232600000003003,0.60354841999999997437,5,1,65.680000000000006822,0,'default');
INSERT INTO data_offerdetail VALUES(74,'U28FXCsPfnv',1,1185,'[100, 120, 150, 185, 200, 250, 300, 350, 400, 500]',100,500,49975.182478000002446,0.607206189999999979,5,1,64.680000000000006819,0,'default');
INSERT INTO data_offerdetail VALUES(75,'TUkhAACmbqm',0,7547,'"null"',10,77,30691.861199999999371,0.69499502000000001888,5,1,43.880000000000002557,0,'default');
INSERT INTO data_offerdetail VALUES(76,'DvjmLYP4WC9',1,7636,'"null"',25,1600,34754.119400000003225,0.65057810999999998724,5,1,53.700000000000002843,0,'default');
INSERT INTO data_offerdetail VALUES(77,'hDxShrBKJou',1,283,'[50, 100, 200, 500]',50,500,27081.132000000001426,0.83490865999999996915,5,1,19.769999999999999573,0,'default');
INSERT INTO data_offerdetail VALUES(78,'t5guRhBMh8F',1,7636,'[210]',210,210,30014.921300000001792,0.75330101999999998785,5,1,32.740000000000001989,0,'default');
INSERT INTO data_offerdetail VALUES(79,'dmn1wtkVGbM',1,7636,'"null"',250,2250,40283.025875999999699,0.75330101999999998785,5,1,32.740000000000001989,0,'default');
INSERT INTO data_offerdetail VALUES(80,'nYZiYudzgVM',0,7434,'"null"',500,3500,30076.163956000000324,0.75774034000000001221,5,1,31.969999999999998863,0,'default');
INSERT INTO data_offerdetail VALUES(81,'vi19WXMtij4',1,7636,'"null"',250,1500,28209.512500000000728,0.80151231999999994481,5,1,24.760000000000001562,0,'default');
INSERT INTO data_offerdetail VALUES(82,'ZRGg78kgRrN',0,1586,'"null"',10,100,20655.124599999999191,0.81985046999999999783,5,1,21.969999999999998863,0,'default');
INSERT INTO data_offerdetail VALUES(83,'fttbzzG9DkR',3,2506,'[500]',500,500,31594.653999999998631,0.71563602999999997855,5,1,39.729999999999996873,0,'default');
INSERT INTO data_offerdetail VALUES(84,'2WadMF9Dxfg',0,2103,'[100, 200, 300, 400, 500, 600, 700, 800, 900, 1000, 1100, 1200, 1300, 1400, 1500]',100,1500,20485.820299999999405,0.82662592000000001402,5,1,20.969999999999998862,0,'default');
INSERT INTO data_offerdetail VALUES(85,'YCvW9m8Fakm',0,1548,'"null"',25,500,27306.808099999998376,0.82800846999999999642,5,1,20.769999999999999573,0,'default');
INSERT INTO data_offerdetail VALUES(86,'BDEkCsrUCoF',4,2222,'[25]',25,25,1.1102700000000000901,0.83534244000000001939,5,1,19.710000000000000852,0,'default');
INSERT INTO data_offerdetail VALUES(87,'yGZS64wi1aX',4,2310,'"null"',25,100,1.15999999999999992,0.86414734999999998077,5,1,15.720000000000000639,0,'default');
INSERT INTO data_offerdetail VALUES(88,'cK12jpEggJo',4,2313,'"null"',10,100,1.1637980000000001101,0.86414734999999998077,5,1,15.720000000000000639,0,'default');
INSERT INTO data_offerdetail VALUES(89,'UNhgsH8caHb',1,7636,'"null"',10,3000,1.1527709999999999901,0.87166167999999999427,5,1,14.720000000000000639,0,'default');
INSERT INTO data_offerdetail VALUES(90,'XxKinytiUQd',4,2310,'[20]',20,20,1.1076630000000000642,0.90307291000000000646,5,1,10.730000000000000426,0,'default');
INSERT INTO data_offerdetail VALUES(91,'UFz75QrCi2w',1,7636,'"null"',10,1000,1.1126750000000000806,0.90307291000000000646,5,1,10.730000000000000426,0,'default');
INSERT INTO data_offerdetail VALUES(92,'Z8Z9o4tW6WN',4,2313,'"null"',25,200,1.1076630000000000642,0.90307291000000000646,5,1,10.730000000000000426,0,'default');
INSERT INTO data_offerdetail VALUES(93,'mxcmxqaxmi8',4,2313,'"null"',10,100,1.1076630000000000642,0.90307291000000000646,5,1,10.730000000000000426,0,'default');
INSERT INTO data_offerdetail VALUES(94,'S4677VqKuah',4,2313,'"null"',25,100,1.1076630000000000642,0.90307291000000000646,5,1,10.730000000000000426,0,'default');
INSERT INTO data_offerdetail VALUES(95,'KtFFxS4NdiG',4,2313,'"null"',25,100,1.1076630000000000642,0.90307291000000000646,5,1,10.730000000000000426,0,'default');
INSERT INTO data_offerdetail VALUES(96,'nggtufs6saH',4,2313,'"null"',10,100,1.1076630000000000642,0.90307291000000000646,5,1,10.730000000000000426,0,'default');
INSERT INTO data_offerdetail VALUES(97,'o1jJm7ZpyLx',4,2313,'"null"',25,100,1.1076630000000000642,0.90307291000000000646,5,1,10.730000000000000426,0,'default');
INSERT INTO data_offerdetail VALUES(98,'iD4dudLtGh1',4,2313,'"null"',25,200,1.1076630000000000642,0.90307291000000000646,5,1,10.730000000000000426,0,'default');
INSERT INTO data_offerdetail VALUES(99,'ZYX5d79KoWN',4,2313,'"null"',25,100,1.1076630000000000642,0.90307291000000000646,5,1,10.730000000000000426,0,'default');
INSERT INTO data_offerdetail VALUES(100,'pD7kHHt9zkP',0,1918,'[50]',50,50,1.1026510000000000477,0.91128266000000002211,5,1,9.7300000000000004263,0,'default');
INSERT INTO data_offerdetail VALUES(101,'AbkW1gBAEhe',1,2107,'"null"',25,10000,1.1026510000000000477,0.91128266000000002211,5,1,9.7300000000000004263,0,'default');
INSERT INTO data_offerdetail VALUES(102,'2dMg4ZUvmFh',1,276,'[50, 100, 200, 500]',50,500,1.2028920000000000722,0.83534244000000001939,5,1,19.710000000000000852,0,'default');
INSERT INTO data_offerdetail VALUES(103,'1HTrkCppvkg',1,283,'"null"',50,500,1.2028920000000000722,0.83534244000000001939,5,1,19.710000000000000852,0,'default');
INSERT INTO data_offerdetail VALUES(104,'QsngYdWzugK',3,2506,'[500]',500,500,1.3500000000000000888,0.74252660999999997581,5,1,34.670000000000001706,0,'default');
INSERT INTO data_offerdetail VALUES(105,'v9BynJ31TeP',0,7515,'"null"',10,175,41581.300000000002911,0.50097952000000001149,5,1,99.599999999999994319,0,'default');
INSERT INTO data_offerdetail VALUES(106,'D6xi8M7WYPi',0,7547,'[250]',250,250,35628.314400000002932,0.59870058000000003772,5,1,67.019999999999996021,0,'default');
INSERT INTO data_offerdetail VALUES(107,'BdTfX8toL7w',1,7636,'[50]',50,50,37462.232600000003003,0.60354841999999997437,5,1,65.680000000000006822,0,'default');
INSERT INTO data_offerdetail VALUES(108,'mL695MzVSx3',1,7636,'[50]',50,50,37462.232600000003003,0.60354841999999997437,5,1,65.680000000000006822,0,'default');
INSERT INTO data_offerdetail VALUES(109,'8RJANg6Jihv',0,2493,'"null"',100,500,32723.034500000001572,0.69095892999999997119,5,1,44.719999999999998862,0,'default');
INSERT INTO data_offerdetail VALUES(110,'VFnC7sWwQFr',0,7515,'[25, 39, 50, 89]',25,89,29730.629499999999099,0.70067064999999995045,5,1,42.719999999999998863,0,'default');
INSERT INTO data_offerdetail VALUES(111,'7VuB3Bvaj7a',1,7636,'[25]',25,25,32271.682300000000395,0.70062265000000001347,5,1,42.729999999999996873,0,'default');
INSERT INTO data_offerdetail VALUES(112,'aCf9hMpmyJg',0,7547,'[10, 25, 50, 85]',10,85,26284.767485000000305,0.74725017999999998608,5,1,33.820000000000000283,0,'default');
INSERT INTO data_offerdetail VALUES(113,'ugVbBzxfqcd',1,7636,'"null"',47,5347,30014.921300000001792,0.75330101999999998785,5,1,32.740000000000001989,0,'default');
INSERT INTO data_offerdetail VALUES(114,'eMGg9NfcN1g',1,7636,'[400]',400,400,24267.06387099999847,0.75330101999999998785,5,1,32.740000000000001989,0,'default');
INSERT INTO data_offerdetail VALUES(115,'1grayGtLkVD',0,7547,'"null"',20,380,28545.57719999999972,0.74725017999999998608,5,1,33.820000000000000283,0,'default');
INSERT INTO data_offerdetail VALUES(116,'67hCa86SAyx',1,7636,'[100]',100,100,28209.512500000000728,0.80151231999999994481,5,1,24.760000000000001562,0,'default');
INSERT INTO data_offerdetail VALUES(117,'F9c6RTYhnSP',3,5026,'[99]',99,99,27081.132000000001426,0.83490865999999996915,5,1,19.769999999999999573,0,'default');
INSERT INTO data_offerdetail VALUES(118,'kWkeKvi1kY2',3,5026,'"null"',25,500,27081.132000000001426,0.83490865999999996915,5,1,19.769999999999999573,0,'default');
INSERT INTO data_offerdetail VALUES(119,'AWbytZzx7Pk',0,12773,'"null"',10,1000,26629.77980000000025,0.84905958000000003593,5,1,17.769999999999999574,0,'default');
INSERT INTO data_offerdetail VALUES(120,'iv7b8fV6ZVt',0,12773,'"null"',25,500,26629.77980000000025,0.84905958000000003593,5,1,17.769999999999999574,0,'default');
INSERT INTO data_offerdetail VALUES(121,'DTUdYrQaEkj',0,12773,'"null"',10,1000,26629.77980000000025,0.84905958000000003593,5,1,17.769999999999999574,0,'default');
INSERT INTO data_offerdetail VALUES(122,'3rnfkS5Rt32',0,12773,'"null"',10,500,26629.77980000000025,0.84905958000000003593,5,1,17.769999999999999574,0,'default');
INSERT INTO data_offerdetail VALUES(123,'NDwHMABetgV',0,12773,'"null"',10,3000,26629.77980000000025,0.84905958000000003593,5,1,17.769999999999999574,0,'default');
INSERT INTO data_offerdetail VALUES(124,'DK7TG27HEqw',0,12773,'"null"',25,100,26629.77980000000025,0.84905958000000003593,5,1,17.769999999999999574,0,'default');
INSERT INTO data_offerdetail VALUES(125,'z8smvsRZCLi',0,7515,'"null"',10,60,24740.873500000001513,0.84198251000000001731,5,1,18.760000000000001563,0,'default');
INSERT INTO data_offerdetail VALUES(126,'8yMEpEqGNQU',0,12773,'"null"',25,500,25501.399300000000948,0.88662856999999994922,5,1,12.77999999999999936,0,'default');
INSERT INTO data_offerdetail VALUES(127,'FiF5vUUhNTg',0,12773,'"null"',25,500,25501.399300000000948,0.88662856999999994922,5,1,12.77999999999999936,0,'default');
INSERT INTO data_offerdetail VALUES(128,'53HVsxi3m95',0,12773,'"null"',25,2000,25275.723200000000359,0.89454504000000001351,5,1,11.77999999999999936,0,'default');
INSERT INTO data_offerdetail VALUES(129,'xvcevTz5nRp',0,7547,'[25]',25,25,24682.265999999999622,0.86421102999999999116,5,1,15.710000000000000852,0,'default');
INSERT INTO data_offerdetail VALUES(130,'JfXmiAP9diP',4,2222,'[40]',40,40,23909.24750000000131,0.87126864999999997785,5,1,14.769999999999999573,0,'default');
INSERT INTO data_offerdetail VALUES(131,'uDtZV29hSbt',3,1376,'[10]',10,10,23318.404999999998836,0.9095474300000000456,5,1,9.9399999999999995026,0,'gcc-auto');
INSERT INTO data_offerdetail VALUES(132,'t3pTNsgxfFe',3,1395,'[10]',10,10,24824.370999999999184,0.91080941000000004148,5,1,9.7899999999999991473,0,'gcc-auto');
INSERT INTO data_offerdetail VALUES(133,'h3TYcfPmy8y',0,1536,'"null"',30,500,23609.123999999999795,0.90349363999999998675,5,1,10.679999999999999715,0,'default');
INSERT INTO data_offerdetail VALUES(134,'d9kXaHsdSfc',0,7547,'"null"',10,100,35628.314400000002932,0.59870058000000003772,5,1,67.019999999999996021,0,'default');
INSERT INTO data_offerdetail VALUES(135,'sGuzHrtP3Z7',0,7515,'[50]',50,50,28483.190500000000612,0.73135698000000004537,5,1,36.729999999999996874,0,'default');
INSERT INTO data_offerdetail VALUES(136,'idkjw3qQzCU',3,5026,'"null"',25,500,1.2028920000000000722,0.83534244000000001939,5,1,19.710000000000000852,0,'default');
INSERT INTO data_offerdetail VALUES(137,'5CRaG3KwRk7',3,5026,'[99]',99,99,1.2028920000000000722,0.83534244000000001939,5,1,19.710000000000000852,0,'default');
INSERT INTO data_offerdetail VALUES(138,'Mbu6gQKQgHB',4,2222,'[40]',40,40,1.1527709999999999901,0.87166167999999999427,5,1,14.720000000000000639,0,'default');
INSERT INTO data_offerdetail VALUES(139,'awWRyxwiYhH',1,5439,'"null"',10,200,26828.549999999999273,0.79507426999999997185,5,1,25.769999999999999573,0,'default');
INSERT INTO data_offerdetail VALUES(140,'pgXv8VauAYH',3,5026,'"null"',50,500,27081.132000000001426,0.83490865999999996915,5,1,19.769999999999999573,0,'default');
INSERT INTO data_offerdetail VALUES(141,'FoD2fZuR5py',0,7626,'[25]',25,25,27472.812000000001717,0.83344112999999997448,5,1,19.980000000000000426,0,'default');
INSERT INTO data_offerdetail VALUES(142,'cBLR5KWpAiw',0,1786,'[10]',10,10,26178.427599999999073,0.86369846999999999592,5,1,15.77999999999999936,0,'gcc-auto');
INSERT INTO data_offerdetail VALUES(143,'wTnNRpvCseX',0,7545,'[25]',25,25,20165.756644000000961,0.85149125999999997205,5,1,17.440000000000001278,0,'default');
INSERT INTO data_offerdetail VALUES(144,'46TqVps8E5q',1,5439,'[100]',100,100,24896.894400000001042,0.85676121999999999001,5,1,16.710000000000000853,0,'default');
INSERT INTO data_offerdetail VALUES(145,'9jcQNjuU9tQ',1,283,'[50, 100]',50,100,21895.095221999999921,0.83490865999999996915,5,1,19.769999999999999573,0,'default');
INSERT INTO data_offerdetail VALUES(146,'rDzPZxvu4uA',1,5439,'[50]',50,50,23823.752400000001215,0.89535399999999998321,5,1,11.679999999999999716,0,'default');
INSERT INTO data_offerdetail VALUES(147,'kwtLcgUeHaB',1,5439,'[100]',100,100,23823.752400000001215,0.89535399999999998321,5,1,11.679999999999999716,0,'default');
INSERT INTO data_offerdetail VALUES(148,'LcSt46cTC1Z',3,1511,'[25]',25,25,24824.370999999999184,0.91080941000000004148,5,1,9.7899999999999991473,0,'gcc-auto');
INSERT INTO data_offerdetail VALUES(149,'r8Mjgjo2jcX',3,1395,'[10]',10,10,24824.370999999999184,0.91080941000000004148,5,1,9.7899999999999991473,0,'gcc-auto');
INSERT INTO data_offerdetail VALUES(150,'z6jTCaLAs8d',3,1492,'[25]',25,25,23609.123999999999795,0.90349363999999998675,5,1,10.679999999999999715,0,'gcc-auto');
INSERT INTO data_offerdetail VALUES(151,'vt8ioEeUpws',0,1536,'"null"',20,1000,23394.495599999998375,0.91178225000000001632,5,1,9.6699999999999999289,0,'default');
INSERT INTO data_offerdetail VALUES(152,'QzbWoKf4VxF',0,1536,'"null"',20,1000,23394.495599999998375,0.91178225000000001632,5,1,9.6699999999999999289,0,'default');
INSERT INTO data_offerdetail VALUES(153,'rbk6m99nqrN',0,1536,'"null"',20,1000,23394.495599999998375,0.91178225000000001632,5,1,9.6699999999999999289,0,'default');
INSERT INTO data_offerdetail VALUES(154,'NaEonu4fGpb',1,7636,'"null"',10,10000,45135.220000000001163,0.50094514999999995019,5,1,99.620000000000004545,0,'default');
INSERT INTO data_offerdetail VALUES(155,'7ZcP8spC3im',4,2313,'"null"',10,20,31594.653999999998631,0.71563602999999997855,5,1,39.729999999999996873,0,'default');
INSERT INTO data_offerdetail VALUES(156,'bTutWtgrprU',1,7636,'[10, 100, 110]',10,110,30014.921300000001792,0.75330101999999998785,5,1,32.740000000000001989,0,'default');
INSERT INTO data_offerdetail VALUES(157,'CpJv49BNCbm',3,2506,'[50, 100, 200]',50,200,27081.132000000001426,0.83490865999999996915,5,1,19.769999999999999573,0,'default');
INSERT INTO data_offerdetail VALUES(158,'zcEnsMA2eg6',3,2506,'[50, 100, 200]',50,200,27081.132000000001426,0.83490865999999996915,5,1,19.769999999999999573,0,'default');
INSERT INTO data_offerdetail VALUES(159,'kGrZpN47oAr',1,7636,'"null"',100,5000,26178.427599999999073,0.86369846999999999592,5,1,15.77999999999999936,0,'default');
INSERT INTO data_offerdetail VALUES(160,'pFLF2PSnQCJ',0,1781,'[25, 100]',25,100,26099.171399999999266,0.87730644000000002069,5,1,13.980000000000000426,0,'gcc-auto');
INSERT INTO data_offerdetail VALUES(161,'owQU7cu6qgG',0,1786,'[25]',25,25,25614.237349999999424,0.88272265000000005308,5,1,13.27999999999999936,0,'gcc-auto');
INSERT INTO data_offerdetail VALUES(162,'2vxfskhMwSZ',0,1781,'[10, 20, 50]',10,50,25870.231299999999464,0.88507020999999996835,5,1,12.980000000000000426,0,'default');
INSERT INTO data_offerdetail VALUES(163,'P8oJ5axZXQ7',1,2107,'"null"',25,1000,25298.2908099999986,0.89374695999999997919,5,1,11.880000000000000781,0,'default');
INSERT INTO data_offerdetail VALUES(164,'tPJDVqsL8Bq',0,1786,'[10, 25, 50]',10,50,25275.723200000000359,0.89454504000000001351,5,1,11.77999999999999936,0,'default');
INSERT INTO data_offerdetail VALUES(165,'om8KAXcRFca',0,1781,'[25, 50, 100]',25,100,25641.291199999999661,0.89297261999999999471,5,1,11.980000000000000426,0,'default');
INSERT INTO data_offerdetail VALUES(166,'RS4An7RVfu5',0,1548,'"null"',100,1000,25469.58612500000163,0.8989924799999999827,5,1,11.230000000000000426,0,'default');
INSERT INTO data_offerdetail VALUES(167,'Eu8vYWjqz38',0,1786,'[60]',60,60,25050.047099999999773,0.90260377999999996667,5,1,10.789999999999999146,0,'default');
INSERT INTO data_offerdetail VALUES(168,'5dUM8EjoEPs',0,12773,'[50]',50,50,24824.370999999999184,0.91080941000000004148,5,1,9.7899999999999991473,0,'default');
INSERT INTO data_offerdetail VALUES(169,'dEU3xwa4Fpa',1,7636,'[25]',25,25,34754.119400000003225,0.65057810999999998724,5,1,53.700000000000002843,0,'default');
INSERT INTO data_offerdetail VALUES(170,'qh1u9Q1buTf',0,1132,'"null"',100,100,27532.484199999998964,0.82122169000000000416,5,1,21.760000000000001563,0,'default');
INSERT INTO data_offerdetail VALUES(171,'uLmi5iZ55kj',1,7636,'"null"',47,5000,1.3332049999999999734,0.75369242999999996879,5,1,32.679999999999999715,0,'default');
INSERT INTO data_offerdetail VALUES(172,'Pd8ZXsHu2rS',3,2506,'[50, 100, 200]',50,200,1.2028920000000000722,0.83534244000000001939,5,1,19.710000000000000852,0,'default');
INSERT INTO data_offerdetail VALUES(173,'Ry9795ap4ug',3,2506,'[50, 100, 200]',50,200,1.1999999999999999555,0.83534244000000001939,5,1,19.710000000000000852,0,'default');
INSERT INTO data_offerdetail VALUES(174,'H2JEoNrwi6v',4,2313,'"null"',10,20,1.2028920000000000722,0.83534244000000001939,5,1,19.710000000000000852,0,'default');
INSERT INTO data_offerdetail VALUES(175,'TVbvGT5Ev8j',1,251,'"null"',100,2000,28660.864699999998264,0.78889014000000001747,5,1,26.760000000000001563,0,'default');
CREATE TABLE IF NOT EXISTS "data_tag" ("id" integer NOT NULL PRIMARY KEY AUTOINCREMENT, "px_id" integer NOT NULL, "name" varchar(255) NOT NULL, "description" varchar(1025) NOT NULL, "px_slug" varchar(255) NOT NULL);
INSERT INTO data_tag VALUES(1,160,'cash only','Cash transaction only.','cash-only');
INSERT INTO data_tag VALUES(2,444,'e-gift cards','Not a physical gift card. To be used for online purchases or redeemed via mobile with accepting vendors.','e-gift-card');
INSERT INTO data_tag VALUES(3,2,'no receipt needed','Receipt not required for this trade.','no-receipt-needed');
INSERT INTO data_tag VALUES(4,8063,'instantly','Get gift card instantly!','gcc-instantly');
INSERT INTO data_tag VALUES(5,8487,'cash receipt only','Must have been purchased with cash and not a credit or debit card','cash-receipt-only');
INSERT INTO data_tag VALUES(6,55,'receipt required','You must provide transaction receipt to complete the trade.','receipt-required');
INSERT INTO data_tag VALUES(7,37,'physical cards','Only physical cards accepted.','physical-cards-only');
INSERT INTO data_tag VALUES(8,8195,'self checkout','Self checkout','self-checkout');
CREATE TABLE IF NOT EXISTS "data_subcategory" ("id" integer NOT NULL PRIMARY KEY AUTOINCREMENT, "px_id" integer NOT NULL, "name" varchar(255) NOT NULL, "ru_name" varchar(255) NOT NULL, "px_slug" varchar(255) NOT NULL, "category_id" bigint NOT NULL REFERENCES "data_category" ("id") DEFERRABLE INITIALLY DEFERRED, "faq" varchar(1000) NULL);
INSERT INTO data_subcategory VALUES(1,1076,'IHOP Gift Card','Подарочная карта IHOP','ihop-gift-card',1,NULL);
INSERT INTO data_subcategory VALUES(2,2298,'FreshDirect Gift Card','Подарочная карта FreshDirect','freshdirect-gift-card',1,NULL);
INSERT INTO data_subcategory VALUES(3,755,'Subway Gift Card','Подарочная карта Subway','subway-gift-card',1,'https://www.subway.com/en-CA/SubwayCard/CardFAQs');
INSERT INTO data_subcategory VALUES(4,12,'Starbucks Card','Карта Starbucks','starbucks-card',1,NULL);
INSERT INTO data_subcategory VALUES(5,70,'Whole Foods Market Gift Card','Подарочная карта Whole Foods Market','whole-foods-market-gift-card',1,'https://www.wholefoodsmarket.com/customer-service/topics');
INSERT INTO data_subcategory VALUES(6,911,'Papa Johns Gift Card','Подарочная карта Papa Johns','papa-johns-gift-card',1,NULL);
INSERT INTO data_subcategory VALUES(7,2457,'Restaurant Gift Cards (Various Retailers) ','Подарочные карты ресторанов (от разных компаний) ','restaurant-gift-cards-various-retailers',1,NULL);
INSERT INTO data_subcategory VALUES(8,3844,'Grubhub Gift Card','Подарочная карта Grubhub','grubhub-gift-card',1,NULL);
INSERT INTO data_subcategory VALUES(9,1118,'Olive Garden Restaurant Gift Card','Подарочная карта ресторана Olive Garden','olive-garden-restaurant-gift-card',1,'https://www.olivegarden.com/faqs');
INSERT INTO data_subcategory VALUES(10,71,'Domino''s Pizza Gift Card','Подарочная карта Domino''s Pizza','dominos-pizza-gift-card',1,'https://www.dominos.com/en/pages/content/customer-service/faq');
INSERT INTO data_subcategory VALUES(11,1119,'Applebee''s Restaurant Gift Card','Подарочная карта ресторана Applebee''s','applebees-restaurant-gift-card',1,'https://www.applebees.com/en/faq');
INSERT INTO data_subcategory VALUES(12,2461,'Jason''s Deli Gift Cards','Подарочная карта Jason''s Deli','jasons-deli-gift-cards',1,NULL);
INSERT INTO data_subcategory VALUES(13,612,'Dunkin'' Donuts Card','Карта Dunkin'' Donuts','dunkin-donuts-card',1,NULL);
INSERT INTO data_subcategory VALUES(14,89,'Pizza Hut Gift Card','Подарочная карта Pizza Hut','pizza-hut-gift-card',1,NULL);
INSERT INTO data_subcategory VALUES(15,4692,'Uber Eats','Uber Eats','uber-eats',1,NULL);
INSERT INTO data_subcategory VALUES(16,2571,'Safeway Gift Card','Подарочная карта Safeway','safeway-gift-card',1,NULL);
INSERT INTO data_subcategory VALUES(17,1116,'Chili''s Restaurant Gift Card','Подарочная карта ресторана Chili''s','chilis-restaurant-gift-card',1,NULL);
INSERT INTO data_subcategory VALUES(18,631,'Cracker Barrel Gift Card','Подарочная карта Cracker Barrel','cracker-barrel-gift-card',1,NULL);
INSERT INTO data_subcategory VALUES(19,3680,'DoorDash Gift Card','Подарочная карта DoorDash','doordash-gift-card',1,NULL);
INSERT INTO data_subcategory VALUES(20,3338,'Blizzard Gift Card','Подарочная карта Blizzard','blizzard-gift-card',2,NULL);
INSERT INTO data_subcategory VALUES(21,295,'Nintendo eShop Digital Card / Gift card','Цифровая карта/подарочная карта Nintendo eShop','nintendo-eshop-digital-card-gift-card',2,NULL);
INSERT INTO data_subcategory VALUES(22,440,'Offgamers.com Gift Card','Подарочная карта Offgamers.com','offgamerscom-gift-card',2,NULL);
INSERT INTO data_subcategory VALUES(23,204,'Google Play Gift Card','Подарочная карта Google Play','google-play-gift-card',2,'https://support.google.com/googleplay/answer/3422659?hl=en');
INSERT INTO data_subcategory VALUES(24,3692,'Razer Gold Gift Card ','Подарочная карта Razer Gold','razer-gold-gift-card',2,NULL);
INSERT INTO data_subcategory VALUES(25,407,'PlayStation Network Gift Card','Подарочная карта Playstation Network','playstation-network-gift-card',2,'https://www.playstation.com/en-us/support/store/redeem-ps-store-voucher-code/');
INSERT INTO data_subcategory VALUES(26,193,'GameStop Gift Card','Подарочная карта GameStop','gamestop-gift-card',2,NULL);
INSERT INTO data_subcategory VALUES(27,381,'Steam Wallet Gift Card','Подарочная карта кошелька Steam','steam-wallet-gift-card',2,NULL);
INSERT INTO data_subcategory VALUES(28,1222,'G2A Gift Card','Подарочная карта G2A','g2a-gift-card',2,NULL);
INSERT INTO data_subcategory VALUES(29,2813,'Roblox Game Card','Игровая карта Roblox','roblox-game-card',2,NULL);
INSERT INTO data_subcategory VALUES(30,357,'Xbox Gift Card','Подарочная карта Xbox','xbox-gift-card',2,'https://support.xbox.com/en-US/help/subscriptions-billing/redeem-codes-gifting/types-of-prepaid-codes');
INSERT INTO data_subcategory VALUES(31,641,'Riot Points League of Legends','Баллы Riot (League of Legends)','riot-points-league-of-legends',2,NULL);
INSERT INTO data_subcategory VALUES(32,137,'iTunes Gift Card','Подарочная карта iTunes','itunes-gift-card',3,'https://support.apple.com/en-lamr/HT201209');
INSERT INTO data_subcategory VALUES(33,649,'Spotify Gift Card','Подарочная карта Spotify','spotify-gift-card',3,NULL);
INSERT INTO data_subcategory VALUES(34,811,'Fandango Gift Card','Подарочная карта Fandango','fandango-gift-card',3,'https://support.fandango.com/en_us/categories/balance-redemption-HyafSbfOO');
INSERT INTO data_subcategory VALUES(35,248,'Barnes & Noble Gift Card','Подарочная карта Barnes & Noble','barnes-noble-gift-card',3,NULL);
INSERT INTO data_subcategory VALUES(36,171,'AMC Theaters Gift Card','Подарочная карта кинотеатров AMC','amc-theaters-gift-card',3,NULL);
INSERT INTO data_subcategory VALUES(37,2100,'TicketMaster Gift Card','Подарочная карта TicketMaster','ticketmaster-gift-card',3,'https://help.ticketmaster.com/s/topic/0TO0a000000kUnJGAU/gift-cards?language=en_US');
INSERT INTO data_subcategory VALUES(38,827,'HULU Gift Card','Подарочная карта HULU','hulu-gift-card',3,NULL);
INSERT INTO data_subcategory VALUES(39,829,'Netflix Gift Card','Подарочная карта Netflix','netflix-gift-card',3,NULL);
INSERT INTO data_subcategory VALUES(40,1999,'Asos Gift Card','Подарочная карта Asos','asos-gift-card',4,NULL);
INSERT INTO data_subcategory VALUES(41,86,'Nordstrom Gift Card','Подарочная карта Nordstrom','nordstrom-gift-card',4,'https://www.nordstrom.com/browse/customer-service/gift-card-info');
INSERT INTO data_subcategory VALUES(42,3812,'Old Navy E Gift Card','Электронная подарочная карта Old Navy','old-navy-e-gift-card',4,NULL);
INSERT INTO data_subcategory VALUES(43,2480,'Everlane Gift card','Подарочная карта Everlane','everlane-gift-card',4,NULL);
INSERT INTO data_subcategory VALUES(44,1957,'Quiksilver Gift Card','Подарочная карта Quiksilver','quiksilver-gift-card',4,NULL);
INSERT INTO data_subcategory VALUES(45,1099,'American Apparel Gift Card','Подарочная карта American Apparel','american-apparel-gift-card',4,NULL);
INSERT INTO data_subcategory VALUES(46,3307,'Eastbay Gift Card','Подарочная карта Eastbay','eastbay-gift-card',4,NULL);
INSERT INTO data_subcategory VALUES(47,722,'Adidas Gift Card','Подарочная карта Adidas','adidas-gift-card',4,NULL);
INSERT INTO data_subcategory VALUES(48,488,'JCPenney Gift Card','Подарочная карта JCPenney','jcpenney-gift-card',4,NULL);
INSERT INTO data_subcategory VALUES(49,1899,'Zappos Gift Card','Подарочная карта Zappos','zappos-gift-card',4,NULL);
INSERT INTO data_subcategory VALUES(50,85,'Calvin Klein Gift Card','Подарочная карта Calvin Klein','calvin-klein-gift-card',4,NULL);
INSERT INTO data_subcategory VALUES(51,723,'Finish Line Gift Card','Подарочная карта Finish Line','finish-line-gift-card',4,NULL);
INSERT INTO data_subcategory VALUES(52,78,'Nike Gift Card','Подарочная карта Nike','nike-gift-card',4,'https://www.nike.com/help/a/giftcard-redeem');
INSERT INTO data_subcategory VALUES(53,903,'Reebok Gift Card','Подарочная карта Reebok','reebok-gift-card',4,NULL);
INSERT INTO data_subcategory VALUES(54,551,'Forever 21 Gift Card','Подарочная карта Forever 21','forever-21-gift-card',4,'https://www.forever21.com/us/faq/faq.html');
INSERT INTO data_subcategory VALUES(55,2435,'Cabela''s E-Gift Code','Электронный подарочный сертификат Cabela''s','cabelas-e-gift-code',4,NULL);
INSERT INTO data_subcategory VALUES(56,1749,'H&M Gift Card','Подарочная карта H&M','hm-gift-card',4,NULL);
INSERT INTO data_subcategory VALUES(57,4123,'Apple Gift Card (US only)','Подарочная карта Apple (только для США)','apple-gift-card-us-only',5,'https://support.apple.com/en-lamr/HT201209');
INSERT INTO data_subcategory VALUES(58,67,'Dell Gift Card','Подарочная карта Dell','dell-gift-card',5,NULL);
INSERT INTO data_subcategory VALUES(59,1471,'Microsoft Gift card','Подарочная карта Microsoft','microsoft-gift-card',5,NULL);
INSERT INTO data_subcategory VALUES(60,556,'Newegg Gift Card','Подарочная карта Newegg','newegg-gift-card',5,NULL);
INSERT INTO data_subcategory VALUES(61,146,'Apple Store Gift Card','Подарочная карта Apple Store','apple-store-gift-card',5,NULL);
INSERT INTO data_subcategory VALUES(62,810,'Staples Gift Card','Подарочная карта Staples','staples-gift-card',5,NULL);
INSERT INTO data_subcategory VALUES(63,56,'Best Buy Gift Card','Подарочная карта Best Buy','best-buy-gift-card',5,'https://www.bestbuy.ca/en-ca/help/paying-and-purchasing/gift-cards-and-egift-cards');
INSERT INTO data_subcategory VALUES(64,87,'Office Depot Gift Card','Подарочная карта Office Depot','office-depot-gift-card',5,'https://www.officedepot.com/a/static/giftcard/faq/');
INSERT INTO data_subcategory VALUES(65,542,'Hotels.com Gift Card','Подарочная карта Hotels.com','hotelscom-gift-card',6,NULL);
INSERT INTO data_subcategory VALUES(66,1643,'Delta Air Line Gift Card','Подарочная карта Delta Air Lines','delta-air-line-gift-card',6,'https://www.delta.com/content/www/global/en/gift-cards/faqs.html');
INSERT INTO data_subcategory VALUES(67,538,'Southwest Airlines Gift Card','Подарочная карта Southwest Airlines','southwest-airlines-gift-card',6,'https://www.southwest.com/faq/southwestgiftcard');
INSERT INTO data_subcategory VALUES(68,74,'United Airlines Gift Card','Подарочная карта United Airlines','united-airlines-gift-card',6,NULL);
INSERT INTO data_subcategory VALUES(69,2923,'Disney Gift Cards','Подарочная карта Disney','disney-gift-cards',6,'https://www.disneygiftcard.com/info');
INSERT INTO data_subcategory VALUES(70,1600,'AirBnb Gift Card','Подарочная карта Airbnb','airbnb-gift-card',6,'https://www.airbnb.com/help/article/981/how-do-airbnb-gift-cards-work');
INSERT INTO data_subcategory VALUES(71,1853,'Lyft Gift Card','Подарочная карта Lyft','lyft-gift-card',6,NULL);
INSERT INTO data_subcategory VALUES(72,3268,'Booking.com gift cards','Подарочная карта Booking.com','bookingcom-gift-cards',6,NULL);
INSERT INTO data_subcategory VALUES(73,289,'Hyatt eGift Card','Электронная подарочная карта Hyatt','hyatt-egift-card',6,NULL);
INSERT INTO data_subcategory VALUES(74,1090,'Uber Gift Card','Подарочная карта Uber','uber-gift-card',6,NULL);
INSERT INTO data_subcategory VALUES(75,391,'T-Mobile Refill','Пополнение счета T-Mobile','t-mobile-refill',7,NULL);
INSERT INTO data_subcategory VALUES(76,1184,'Skype Credits','Кредит Skype','skype-credits',7,NULL);
INSERT INTO data_subcategory VALUES(77,3728,'China Telecom Card','Карта China Telecom','china-telecom-card',7,NULL);
INSERT INTO data_subcategory VALUES(78,1556,'AT&T Gift Card','Подарочная карта AT&T','att-gift-card',7,NULL);
INSERT INTO data_subcategory VALUES(79,299,'Boost Mobile','Boost Mobile','boost-mobile',7,NULL);
INSERT INTO data_subcategory VALUES(80,10,'VISA Gift Card','Подарочная карта VISA','visa-gift-card',8,NULL);
INSERT INTO data_subcategory VALUES(81,286,'Walmart Visa Gift Card','Подарочная карта Walmart Visa','walmart-visa-gift-card',8,NULL);
INSERT INTO data_subcategory VALUES(82,285,'MasterCard Gift Card','Подарочная карта MasterCard','mastercard-gift-card',8,NULL);
INSERT INTO data_subcategory VALUES(83,287,'Target VISA Gift Card','Подарочная карта Target VISA','target-visa-gift-card',8,NULL);
INSERT INTO data_subcategory VALUES(84,195,'OneVanilla VISA/MasterCard Gift Card','Подарочная карта OneVanilla VISA/MasterCard','onevanilla-visamastercard-gift-card',8,NULL);
INSERT INTO data_subcategory VALUES(85,1555,'Flexepin Gift Card','Подарочная карта Flexepin','flexepin-gift-card',8,NULL);
INSERT INTO data_subcategory VALUES(86,948,'MoneyPak','MoneyPak','moneypak',8,NULL);
INSERT INTO data_subcategory VALUES(87,294,'American Express Gift Card','Подарочная карта American Express','american-express-gift-card',8,NULL);
INSERT INTO data_subcategory VALUES(88,3096,'PCS Prepaid Cash Services','Предоплаченные услуги PCS','pcs-prepaid-cash-services',8,NULL);
INSERT INTO data_subcategory VALUES(89,3422,'Reloadit by Netspend','Reloadit от Netspend','reloadit-by-netspend',8,NULL);
INSERT INTO data_subcategory VALUES(90,305,'Any Visa, MasterCard and AmEx Gift Cards','Any Visa, MasterCard and AmEx Gift Cards','any-visa-mastercard-and-amex-gift-cards',8,NULL);
INSERT INTO data_subcategory VALUES(91,4,'Amazon Gift Card','Подарочная карта Amazon','amazon-gift-card',9,'https://www.amazon.com/gp/help/customer/display.html?nodeId=GJDWQ6WX5MKQP3E6');
INSERT INTO data_subcategory VALUES(92,535,'Home Depot Gift Card','Подарочная карта Home Depot','home-depot-gift-card',9,'https://www.homedepot.com/c/Gift_Card_FAQ');
INSERT INTO data_subcategory VALUES(93,374,'Sears Gift Card','Подарочная карта Sears','sears-gift-card',9,NULL);
INSERT INTO data_subcategory VALUES(94,3637,'JD.com gift cards','Подарочные карты JD.com','jdcom-gift-cards',9,NULL);
INSERT INTO data_subcategory VALUES(95,36,'Target Gift Card','Подарочная карта Target','target-gift-card',9,NULL);
INSERT INTO data_subcategory VALUES(96,3276,'IKEA Gift Card','Подарочная карта IKEA','ikea-gift-card',9,NULL);
INSERT INTO data_subcategory VALUES(97,3361,'Giftcards.nl Redeem choice card','Подарочная карта Giftcards.nl','giftcardsnl-redeem-choice-card',9,NULL);
INSERT INTO data_subcategory VALUES(98,920,'Flipkart e-Gift Voucher','Электронный подарочный сертификат Flipkart','flipkart-e-gift-voucher',9,NULL);
INSERT INTO data_subcategory VALUES(99,136,'eBay Gift Card','Подарочная карта eBay','ebay-gift-card',9,NULL);
INSERT INTO data_subcategory VALUES(100,2093,'Costco Cash Card','Costco Cash Card','costco-cash-card',9,NULL);
INSERT INTO data_subcategory VALUES(101,4175,'Kohls Store Gift Card','Подарочная карта Kohls Store','kohls-store-gift-card',9,'https://cs.kohls.com/app/answers/detail/a_id/275/~/kohls-gift-card-balance');
INSERT INTO data_subcategory VALUES(102,3727,'Walmart China Card','Карта Walmart China','walmart-china-card',9,NULL);
INSERT INTO data_subcategory VALUES(103,49,'Walmart Gift Card','Подарочная карта Walmart','walmart-gift-card',9,'https://corporate.walmart.com/frequently-asked-questions#walmart-gift-cards');
INSERT INTO data_subcategory VALUES(104,77,'Lowe''s Gift Card','Подарочная карта Lowe''s','lowes-gift-card',9,'https://www.lowes.com/l/gift-card-faqs.html');
INSERT INTO data_subcategory VALUES(105,833,'Groupon Gift Card','Подарочная карта Groupon','groupon-gift-card',9,NULL);
INSERT INTO data_subcategory VALUES(106,318,'eGifter.com code','Код eGifter.com','egiftercom-code',9,NULL);
INSERT INTO data_subcategory VALUES(107,135,'Macy''s Gift Card','Подарочная карта Macy''s','macys-gift-card',9,NULL);
INSERT INTO data_subcategory VALUES(108,1438,'Myer Gift Card','Подарочная карта Myer','myer-gift-card',9,NULL);
INSERT INTO data_subcategory VALUES(109,2103,'Bed Bath & Beyond Gift Card','Подарочная карта Bed Bath & Beyond','bed-bath-beyond-gift-card',9,'https://www.bedbathandbeyond.com/store/static/GiftCardPolicy');
INSERT INTO data_subcategory VALUES(110,3465,'Etsy','Etsy','etsy',9,NULL);
INSERT INTO data_subcategory VALUES(111,642,'CVS Gift Card','Подарочная карта CVS','cvs-gift-card',9,NULL);
INSERT INTO data_subcategory VALUES(112,2538,'Saks Fifth Avenue Gift Card','Подарочная карта Saks Fifth Avenue','saks-fifth-avenue-gift-card',10,NULL);
INSERT INTO data_subcategory VALUES(113,533,'Sephora Gift Card','Подарочная карта Sephora','sephora-gift-card',10,'https://www.sephora.com/beauty/faqs-gift-cards');
INSERT INTO data_subcategory VALUES(114,69,'Ulta Gift Card','Подарочная карта Ulta','ulta-gift-card',10,NULL);
INSERT INTO data_subcategory VALUES(115,68,'Victoria''s Secret Gift Card','Подарочная карта Victoria''s Secret','victorias-secret-gift-card',10,NULL);
INSERT INTO data_subcategory VALUES(116,4159,'Bitrefill Balance Cards','Карты Bitrefill Balance','bitrefill-balance-cards',11,NULL);
INSERT INTO data_subcategory VALUES(117,3105,'DMM Prepaid Card','Предоплаченная карта DMM','dmm-prepaid-card',11,NULL);
INSERT INTO data_subcategory VALUES(118,1268,'Coles Gift Card','Подарочная карта Coles','coles-gift-card',11,NULL);
INSERT INTO data_subcategory VALUES(119,1790,'Ticket Premium Gift Card','Подарочная карта Ticket Premium','ticket-premium-gift-card',11,NULL);
INSERT INTO data_subcategory VALUES(120,2310,'CASHlib Vouchers','Ваучеры CASHlib','cashlib-vouchers',11,NULL);
INSERT INTO data_subcategory VALUES(121,445,'Neosurf Gift Card','Подарочная карта Neosurf','neosurf-gift-card',11,NULL);
INSERT INTO data_subcategory VALUES(122,319,'Gift Cards (Miscellaneous  Retailers)','Подарочные карты разных компаний','gift-cards-miscellaneous-retailers',11,NULL);
INSERT INTO data_subcategory VALUES(123,3379,'Happy card gift cards','Подарочная карта Happy Cards','happy-card-gift-cards',11,NULL);
INSERT INTO data_subcategory VALUES(124,0,'Footlocker Sports Gift Card','Footlocker Sports Gift Card','',11,'https://help.footlocker.com/hc/en-us/articles/360034699033-What-are-the-terms-conditions-for-Foot-Locker-gift-cards-');
INSERT INTO data_subcategory VALUES(125,0,'Twitch Gift Card','Twitch Gift Card','',11,NULL);
CREATE TABLE IF NOT EXISTS "data_offer_tags" ("id" integer NOT NULL PRIMARY KEY AUTOINCREMENT, "offer_id" bigint NOT NULL REFERENCES "data_offer" ("id") DEFERRABLE INITIALLY DEFERRED, "tag_id" bigint NOT NULL REFERENCES "data_tag" ("id") DEFERRABLE INITIALLY DEFERRED);
INSERT INTO data_offer_tags VALUES(431,356,2);
INSERT INTO data_offer_tags VALUES(444,369,2);
INSERT INTO data_offer_tags VALUES(446,371,2);
INSERT INTO data_offer_tags VALUES(447,372,2);
INSERT INTO data_offer_tags VALUES(448,373,2);
INSERT INTO data_offer_tags VALUES(449,374,2);
INSERT INTO data_offer_tags VALUES(450,375,2);
INSERT INTO data_offer_tags VALUES(451,375,3);
INSERT INTO data_offer_tags VALUES(453,378,2);
INSERT INTO data_offer_tags VALUES(455,380,2);
INSERT INTO data_offer_tags VALUES(457,382,2);
INSERT INTO data_offer_tags VALUES(460,385,2);
INSERT INTO data_offer_tags VALUES(461,386,2);
INSERT INTO data_offer_tags VALUES(465,390,2);
INSERT INTO data_offer_tags VALUES(478,405,2);
INSERT INTO data_offer_tags VALUES(485,413,8);
INSERT INTO data_offer_tags VALUES(486,413,2);
INSERT INTO data_offer_tags VALUES(487,413,4);
INSERT INTO data_offer_tags VALUES(488,415,8);
INSERT INTO data_offer_tags VALUES(489,415,2);
INSERT INTO data_offer_tags VALUES(490,415,4);
INSERT INTO data_offer_tags VALUES(493,418,8);
INSERT INTO data_offer_tags VALUES(494,418,2);
INSERT INTO data_offer_tags VALUES(495,418,4);
INSERT INTO data_offer_tags VALUES(496,419,2);
INSERT INTO data_offer_tags VALUES(497,420,8);
INSERT INTO data_offer_tags VALUES(498,420,2);
INSERT INTO data_offer_tags VALUES(499,420,4);
INSERT INTO data_offer_tags VALUES(500,421,8);
INSERT INTO data_offer_tags VALUES(501,421,2);
INSERT INTO data_offer_tags VALUES(502,421,4);
INSERT INTO data_offer_tags VALUES(514,431,8);
INSERT INTO data_offer_tags VALUES(515,431,2);
INSERT INTO data_offer_tags VALUES(516,431,4);
INSERT INTO data_offer_tags VALUES(517,432,8);
INSERT INTO data_offer_tags VALUES(518,432,2);
INSERT INTO data_offer_tags VALUES(519,432,4);
INSERT INTO data_offer_tags VALUES(520,433,8);
INSERT INTO data_offer_tags VALUES(521,433,2);
INSERT INTO data_offer_tags VALUES(522,433,4);
INSERT INTO data_offer_tags VALUES(523,434,8);
INSERT INTO data_offer_tags VALUES(524,434,2);
INSERT INTO data_offer_tags VALUES(525,434,4);
INSERT INTO data_offer_tags VALUES(526,435,8);
INSERT INTO data_offer_tags VALUES(527,435,2);
INSERT INTO data_offer_tags VALUES(528,435,4);
INSERT INTO data_offer_tags VALUES(529,436,8);
INSERT INTO data_offer_tags VALUES(530,436,2);
INSERT INTO data_offer_tags VALUES(531,436,4);
INSERT INTO data_offer_tags VALUES(532,437,8);
INSERT INTO data_offer_tags VALUES(533,437,2);
INSERT INTO data_offer_tags VALUES(534,437,4);
INSERT INTO data_offer_tags VALUES(540,443,2);
INSERT INTO data_offer_tags VALUES(542,445,2);
INSERT INTO data_offer_tags VALUES(544,448,2);
INSERT INTO data_offer_tags VALUES(545,449,2);
INSERT INTO data_offer_tags VALUES(546,450,2);
INSERT INTO data_offer_tags VALUES(548,452,8);
INSERT INTO data_offer_tags VALUES(549,452,2);
INSERT INTO data_offer_tags VALUES(550,453,2);
INSERT INTO data_offer_tags VALUES(551,454,2);
INSERT INTO data_offer_tags VALUES(552,455,2);
INSERT INTO data_offer_tags VALUES(553,456,2);
INSERT INTO data_offer_tags VALUES(555,458,8);
INSERT INTO data_offer_tags VALUES(558,462,8);
INSERT INTO data_offer_tags VALUES(559,464,8);
INSERT INTO data_offer_tags VALUES(560,464,2);
INSERT INTO data_offer_tags VALUES(561,464,4);
INSERT INTO data_offer_tags VALUES(566,470,2);
INSERT INTO data_offer_tags VALUES(567,471,8);
INSERT INTO data_offer_tags VALUES(568,471,2);
INSERT INTO data_offer_tags VALUES(569,471,4);
INSERT INTO data_offer_tags VALUES(570,472,8);
INSERT INTO data_offer_tags VALUES(571,472,2);
INSERT INTO data_offer_tags VALUES(572,472,4);
INSERT INTO data_offer_tags VALUES(576,474,2);
INSERT INTO data_offer_tags VALUES(577,475,2);
INSERT INTO data_offer_tags VALUES(578,477,2);
INSERT INTO data_offer_tags VALUES(579,478,2);
INSERT INTO data_offer_tags VALUES(580,479,2);
INSERT INTO data_offer_tags VALUES(581,480,2);
INSERT INTO data_offer_tags VALUES(582,481,2);
INSERT INTO data_offer_tags VALUES(583,482,2);
INSERT INTO data_offer_tags VALUES(584,483,2);
INSERT INTO data_offer_tags VALUES(585,484,2);
INSERT INTO data_offer_tags VALUES(586,485,2);
INSERT INTO data_offer_tags VALUES(587,487,2);
INSERT INTO data_offer_tags VALUES(594,491,2);
INSERT INTO data_offer_tags VALUES(595,492,2);
INSERT INTO data_offer_tags VALUES(596,493,2);
INSERT INTO data_offer_tags VALUES(597,494,2);
INSERT INTO data_offer_tags VALUES(598,495,2);
INSERT INTO data_offer_tags VALUES(599,496,2);
INSERT INTO data_offer_tags VALUES(600,497,2);
INSERT INTO data_offer_tags VALUES(602,499,2);
INSERT INTO data_offer_tags VALUES(603,500,2);
INSERT INTO data_offer_tags VALUES(604,501,2);
INSERT INTO data_offer_tags VALUES(606,503,2);
INSERT INTO data_offer_tags VALUES(607,504,8);
INSERT INTO data_offer_tags VALUES(608,504,2);
INSERT INTO data_offer_tags VALUES(609,504,4);
INSERT INTO data_offer_tags VALUES(610,505,2);
INSERT INTO data_offer_tags VALUES(614,507,8);
INSERT INTO data_offer_tags VALUES(615,507,2);
INSERT INTO data_offer_tags VALUES(616,507,4);
INSERT INTO data_offer_tags VALUES(617,508,2);
INSERT INTO data_offer_tags VALUES(618,508,3);
INSERT INTO data_offer_tags VALUES(620,510,2);
INSERT INTO data_offer_tags VALUES(621,511,2);
INSERT INTO data_offer_tags VALUES(622,513,2);
INSERT INTO data_offer_tags VALUES(626,518,2);
INSERT INTO data_offer_tags VALUES(627,519,2);
INSERT INTO data_offer_tags VALUES(628,520,2);
INSERT INTO data_offer_tags VALUES(629,521,2);
INSERT INTO data_offer_tags VALUES(630,522,2);
INSERT INTO data_offer_tags VALUES(631,523,2);
INSERT INTO data_offer_tags VALUES(632,524,2);
INSERT INTO data_offer_tags VALUES(633,525,2);
INSERT INTO data_offer_tags VALUES(634,526,2);
INSERT INTO data_offer_tags VALUES(635,528,6);
INSERT INTO data_offer_tags VALUES(636,529,2);
INSERT INTO data_offer_tags VALUES(637,530,2);
INSERT INTO data_offer_tags VALUES(638,530,3);
INSERT INTO data_offer_tags VALUES(639,532,2);
INSERT INTO data_offer_tags VALUES(641,534,2);
INSERT INTO data_offer_tags VALUES(642,535,2);
INSERT INTO data_offer_tags VALUES(643,535,3);
INSERT INTO data_offer_tags VALUES(645,537,2);
INSERT INTO data_offer_tags VALUES(646,538,2);
INSERT INTO data_offer_tags VALUES(647,539,2);
INSERT INTO data_offer_tags VALUES(648,540,2);
INSERT INTO data_offer_tags VALUES(649,541,2);
INSERT INTO data_offer_tags VALUES(650,542,2);
INSERT INTO data_offer_tags VALUES(651,543,2);
INSERT INTO data_offer_tags VALUES(652,544,2);
INSERT INTO data_offer_tags VALUES(653,545,4);
INSERT INTO data_offer_tags VALUES(654,547,3);
CREATE TABLE IF NOT EXISTS "django_celery_beat_intervalschedule" ("id" integer NOT NULL PRIMARY KEY AUTOINCREMENT, "every" integer NOT NULL, "period" varchar(24) NOT NULL);
INSERT INTO django_celery_beat_intervalschedule VALUES(1,1,'hours');
INSERT INTO django_celery_beat_intervalschedule VALUES(2,2,'seconds');
INSERT INTO django_celery_beat_intervalschedule VALUES(3,7,'days');
INSERT INTO django_celery_beat_intervalschedule VALUES(4,1,'days');
CREATE TABLE IF NOT EXISTS "django_celery_beat_periodictasks" ("ident" smallint NOT NULL PRIMARY KEY, "last_update" datetime NOT NULL);
INSERT INTO django_celery_beat_periodictasks VALUES(1,'2023-01-25 18:50:03.953429');
CREATE TABLE IF NOT EXISTS "django_celery_beat_solarschedule" ("id" integer NOT NULL PRIMARY KEY AUTOINCREMENT, "event" varchar(24) NOT NULL, "latitude" decimal NOT NULL, "longitude" decimal NOT NULL);
CREATE TABLE IF NOT EXISTS "django_celery_beat_periodictask" ("id" integer NOT NULL PRIMARY KEY AUTOINCREMENT, "name" varchar(200) NOT NULL UNIQUE, "task" varchar(200) NOT NULL, "args" text NOT NULL, "kwargs" text NOT NULL, "queue" varchar(200) NULL, "exchange" varchar(200) NULL, "routing_key" varchar(200) NULL, "expires" datetime NULL, "enabled" bool NOT NULL, "last_run_at" datetime NULL, "total_run_count" integer unsigned NOT NULL CHECK ("total_run_count" >= 0), "date_changed" datetime NOT NULL, "description" text NOT NULL, "crontab_id" integer NULL REFERENCES "django_celery_beat_crontabschedule" ("id") DEFERRABLE INITIALLY DEFERRED, "interval_id" integer NULL REFERENCES "django_celery_beat_intervalschedule" ("id") DEFERRABLE INITIALLY DEFERRED, "solar_id" integer NULL REFERENCES "django_celery_beat_solarschedule" ("id") DEFERRABLE INITIALLY DEFERRED, "one_off" bool NOT NULL, "start_time" datetime NULL, "priority" integer unsigned NULL CHECK ("priority" >= 0), "headers" text NOT NULL, "clocked_id" integer NULL REFERENCES "django_celery_beat_clockedschedule" ("id") DEFERRABLE INITIALLY DEFERRED, "expire_seconds" integer unsigned NULL CHECK ("expire_seconds" >= 0));
INSERT INTO django_celery_beat_periodictask VALUES(1,'celery.backend_cleanup','celery.backend_cleanup','[]','{}',NULL,NULL,NULL,NULL,1,NULL,0,'2023-01-25 18:50:03.952087','',2,NULL,NULL,0,NULL,NULL,'{}',NULL,43200);
INSERT INTO django_celery_beat_periodictask VALUES(9,'Update Offer Data','data.tasks.updatePaxfullOffers','[]','{}',NULL,NULL,NULL,NULL,1,'2023-01-25 18:08:13.619146',2,'2023-01-25 18:08:13.645219','',NULL,1,NULL,0,NULL,NULL,'{}',NULL,NULL);
INSERT INTO django_celery_beat_periodictask VALUES(10,'Update ALL Offer desc','data.tasks.updateOfferDescription','[]','{}',NULL,NULL,NULL,NULL,1,NULL,0,'2023-01-18 21:27:06.816832','',NULL,4,NULL,0,NULL,NULL,'{}',NULL,NULL);
INSERT INTO django_celery_beat_periodictask VALUES(11,'Update subcat and cat','data.tasks.updateSubCategories','[]','{}',NULL,NULL,NULL,NULL,1,NULL,0,'2023-01-18 21:27:35.011309','',NULL,4,NULL,0,NULL,NULL,'{}',NULL,NULL);
INSERT INTO django_celery_beat_periodictask VALUES(12,'Update tags','updateTags','[]','{}',NULL,NULL,NULL,NULL,1,NULL,0,'2023-01-18 21:27:58.906796','',NULL,3,NULL,0,NULL,NULL,'{}',NULL,NULL);
INSERT INTO django_celery_beat_periodictask VALUES(13,'test','updateTags','[]','{}',NULL,NULL,NULL,NULL,0,NULL,11,'2023-01-18 21:28:52.677077','',NULL,2,NULL,0,NULL,NULL,'{}',NULL,NULL);
CREATE TABLE IF NOT EXISTS "django_celery_beat_clockedschedule" ("id" integer NOT NULL PRIMARY KEY AUTOINCREMENT, "clocked_time" datetime NOT NULL);
CREATE TABLE IF NOT EXISTS "django_celery_beat_crontabschedule" ("id" integer NOT NULL PRIMARY KEY AUTOINCREMENT, "minute" varchar(240) NOT NULL, "hour" varchar(96) NOT NULL, "day_of_week" varchar(64) NOT NULL, "day_of_month" varchar(124) NOT NULL, "month_of_year" varchar(64) NOT NULL, "timezone" varchar(63) NOT NULL);
INSERT INTO django_celery_beat_crontabschedule VALUES(1,'1','*','*','*','*','UTC');
INSERT INTO django_celery_beat_crontabschedule VALUES(2,'0','4','*','*','*','UTC');
CREATE TABLE IF NOT EXISTS "django_celery_results_groupresult" ("id" integer NOT NULL PRIMARY KEY AUTOINCREMENT, "group_id" varchar(255) NOT NULL UNIQUE, "date_created" datetime NOT NULL, "date_done" datetime NOT NULL, "content_type" varchar(128) NOT NULL, "content_encoding" varchar(64) NOT NULL, "result" text NULL);
CREATE TABLE IF NOT EXISTS "django_celery_results_chordcounter" ("id" integer NOT NULL PRIMARY KEY AUTOINCREMENT, "sub_tasks" text NOT NULL, "count" integer unsigned NOT NULL CHECK ("count" >= 0), "group_id" varchar(255) NOT NULL UNIQUE);
CREATE TABLE IF NOT EXISTS "django_celery_results_taskresult" ("id" integer NOT NULL PRIMARY KEY AUTOINCREMENT, "task_id" varchar(255) NOT NULL UNIQUE, "status" varchar(50) NOT NULL, "content_type" varchar(128) NOT NULL, "content_encoding" varchar(64) NOT NULL, "result" text NULL, "date_done" datetime NOT NULL, "traceback" text NULL, "meta" text NULL, "task_args" text NULL, "task_kwargs" text NULL, "task_name" varchar(255) NULL, "date_created" datetime NOT NULL, "worker" varchar(100) NULL, "periodic_task_name" varchar(255) NULL);
INSERT INTO django_celery_results_taskresult VALUES(1,'34da0a66-d20c-4342-872e-965a851718c7','FAILURE','application/json','utf-8','{"exc_type": "NotRegistered", "exc_message": ["paxfull_gifts.task.sample_task"], "exc_module": "celery.exceptions"}','2023-01-18 16:19:36.520646',NULL,'{"children": []}',NULL,NULL,NULL,'2023-01-18 16:19:36.520582',NULL,NULL);
INSERT INTO django_celery_results_taskresult VALUES(2,'296aea61-513e-4d44-b5bd-5dd3150a8d01','FAILURE','application/json','utf-8','{"exc_type": "NotRegistered", "exc_message": ["paxfull_gifts.task.sample_task"], "exc_module": "celery.exceptions"}','2023-01-18 16:19:36.582227',NULL,'{"children": []}',NULL,NULL,NULL,'2023-01-18 16:19:36.582174',NULL,NULL);
INSERT INTO django_celery_results_taskresult VALUES(3,'2af392d9-2c63-4ad7-91f4-f5cd9436ef90','FAILURE','application/json','utf-8','{"exc_type": "NotRegistered", "exc_message": ["paxfull_gifts.task.sample_task"], "exc_module": "celery.exceptions"}','2023-01-18 16:19:36.642137',NULL,'{"children": []}',NULL,NULL,NULL,'2023-01-18 16:19:36.642079',NULL,NULL);
INSERT INTO django_celery_results_taskresult VALUES(4,'5006f58e-8c97-460a-a23b-cec86a73c538','FAILURE','application/json','utf-8','{"exc_type": "NotRegistered", "exc_message": ["paxfull_gifts.task.sample_task"], "exc_module": "celery.exceptions"}','2023-01-18 16:19:36.701355',NULL,'{"children": []}',NULL,NULL,NULL,'2023-01-18 16:19:36.701307',NULL,NULL);
INSERT INTO django_celery_results_taskresult VALUES(5,'702cca24-d834-4797-bcd2-aef1a6264caf','FAILURE','application/json','utf-8','{"exc_type": "NotRegistered", "exc_message": ["paxfull_gifts.task.sample_task"], "exc_module": "celery.exceptions"}','2023-01-18 16:19:36.761260',NULL,'{"children": []}',NULL,NULL,NULL,'2023-01-18 16:19:36.761184',NULL,NULL);
INSERT INTO django_celery_results_taskresult VALUES(6,'9d5aed1f-75a9-4559-b697-591d5418d18d','FAILURE','application/json','utf-8','{"exc_type": "NotRegistered", "exc_message": ["paxfull_gifts.task.sample_task"], "exc_module": "celery.exceptions"}','2023-01-18 16:19:36.820154',NULL,'{"children": []}',NULL,NULL,NULL,'2023-01-18 16:19:36.820103',NULL,NULL);
INSERT INTO django_celery_results_taskresult VALUES(7,'d88febae-4dc7-4278-ade6-e897b26cf20e','FAILURE','application/json','utf-8','{"exc_type": "NotRegistered", "exc_message": ["paxfull_gifts.task.sample_task"], "exc_module": "celery.exceptions"}','2023-01-18 16:19:36.879160',NULL,'{"children": []}',NULL,NULL,NULL,'2023-01-18 16:19:36.879105',NULL,NULL);
INSERT INTO django_celery_results_taskresult VALUES(8,'17ac4238-9f66-4389-b021-2fe364884112','FAILURE','application/json','utf-8','{"exc_type": "NotRegistered", "exc_message": ["paxfull_gifts.task.sample_task"], "exc_module": "celery.exceptions"}','2023-01-18 16:19:36.939091',NULL,'{"children": []}',NULL,NULL,NULL,'2023-01-18 16:19:36.939029',NULL,NULL);
INSERT INTO django_celery_results_taskresult VALUES(9,'1c32b94c-e79e-43af-b57b-b407b07f2a0b','FAILURE','application/json','utf-8','{"exc_type": "NotRegistered", "exc_message": ["paxfull_gifts.task.sample_task"], "exc_module": "celery.exceptions"}','2023-01-18 16:19:36.998268',NULL,'{"children": []}',NULL,NULL,NULL,'2023-01-18 16:19:36.998213',NULL,NULL);
INSERT INTO django_celery_results_taskresult VALUES(10,'fe81e669-ecee-4b5e-ae4b-66da737b2e4a','FAILURE','application/json','utf-8','{"exc_type": "NotRegistered", "exc_message": ["paxfull_gifts.task.sample_task"], "exc_module": "celery.exceptions"}','2023-01-18 16:19:37.057235',NULL,'{"children": []}',NULL,NULL,NULL,'2023-01-18 16:19:37.057179',NULL,NULL);
INSERT INTO django_celery_results_taskresult VALUES(11,'0aa93a08-d9ba-4242-8bde-88f19bc8979a','FAILURE','application/json','utf-8','{"exc_type": "NotRegistered", "exc_message": ["paxfull_gifts.task.sample_task"], "exc_module": "celery.exceptions"}','2023-01-18 16:19:37.116203',NULL,'{"children": []}',NULL,NULL,NULL,'2023-01-18 16:19:37.116153',NULL,NULL);
INSERT INTO django_celery_results_taskresult VALUES(12,'eccc2429-ee3d-4933-bb17-fac8eefc17e5','FAILURE','application/json','utf-8','{"exc_type": "NotRegistered", "exc_message": ["paxfull_gifts.task.sample_task"], "exc_module": "celery.exceptions"}','2023-01-18 16:19:37.374791',NULL,'{"children": []}',NULL,NULL,NULL,'2023-01-18 16:19:37.374740',NULL,NULL);
INSERT INTO django_celery_results_taskresult VALUES(13,'3e05d60f-a928-443b-a3c3-c5772e974777','FAILURE','application/json','utf-8','{"exc_type": "NotRegistered", "exc_message": ["paxfull_gifts.task.sample_task"], "exc_module": "celery.exceptions"}','2023-01-18 16:19:37.453749',NULL,'{"children": []}',NULL,NULL,NULL,'2023-01-18 16:19:37.453697',NULL,NULL);
INSERT INTO django_celery_results_taskresult VALUES(14,'e9341273-a744-45fe-b8c2-9dcf98c99515','FAILURE','application/json','utf-8','{"exc_type": "NotRegistered", "exc_message": ["paxfull_gifts.task.sample_task"], "exc_module": "celery.exceptions"}','2023-01-18 16:19:37.513174',NULL,'{"children": []}',NULL,NULL,NULL,'2023-01-18 16:19:37.513121',NULL,NULL);
INSERT INTO django_celery_results_taskresult VALUES(15,'cab97c74-cc2a-4f6f-b460-429349a4266b','FAILURE','application/json','utf-8','{"exc_type": "NotRegistered", "exc_message": ["paxfull_gifts.task.sample_task"], "exc_module": "celery.exceptions"}','2023-01-18 16:19:37.572797',NULL,'{"children": []}',NULL,NULL,NULL,'2023-01-18 16:19:37.572741',NULL,NULL);
INSERT INTO django_celery_results_taskresult VALUES(16,'05197cd2-2e06-4561-be2c-8cdb3ddb3e8c','FAILURE','application/json','utf-8','{"exc_type": "NotRegistered", "exc_message": ["paxfull_gifts.task.sample_task"], "exc_module": "celery.exceptions"}','2023-01-18 16:19:37.632308',NULL,'{"children": []}',NULL,NULL,NULL,'2023-01-18 16:19:37.632233',NULL,NULL);
INSERT INTO django_celery_results_taskresult VALUES(17,'86a0abbd-54f8-446c-9501-7781cfd256f5','FAILURE','application/json','utf-8','{"exc_type": "NotRegistered", "exc_message": ["paxfull_gifts.task.sample_task"], "exc_module": "celery.exceptions"}','2023-01-18 16:19:37.704840',NULL,'{"children": []}',NULL,NULL,NULL,'2023-01-18 16:19:37.704784',NULL,NULL);
INSERT INTO django_celery_results_taskresult VALUES(18,'4bbe7799-e2e9-465f-b28f-8b31ce214568','FAILURE','application/json','utf-8','{"exc_type": "NotRegistered", "exc_message": ["paxfull_gifts.task.sample_task"], "exc_module": "celery.exceptions"}','2023-01-18 16:19:37.764266',NULL,'{"children": []}',NULL,NULL,NULL,'2023-01-18 16:19:37.764206',NULL,NULL);
INSERT INTO django_celery_results_taskresult VALUES(19,'60b1bb18-8752-4723-9519-330466152775','FAILURE','application/json','utf-8','{"exc_type": "NotRegistered", "exc_message": ["paxfull_gifts.task.sample_task"], "exc_module": "celery.exceptions"}','2023-01-18 16:19:37.822724',NULL,'{"children": []}',NULL,NULL,NULL,'2023-01-18 16:19:37.822666',NULL,NULL);
INSERT INTO django_celery_results_taskresult VALUES(20,'994bdac5-4583-48ba-9d8a-71bd712bdb4d','FAILURE','application/json','utf-8','{"exc_type": "NotRegistered", "exc_message": ["paxfull_gifts.task.sample_task"], "exc_module": "celery.exceptions"}','2023-01-18 16:19:37.881907',NULL,'{"children": []}',NULL,NULL,NULL,'2023-01-18 16:19:37.881851',NULL,NULL);
INSERT INTO django_celery_results_taskresult VALUES(21,'05c4440b-a84b-465f-a803-ecefcce1ce03','FAILURE','application/json','utf-8','{"exc_type": "NotRegistered", "exc_message": ["paxfull_gifts.task.sample_task"], "exc_module": "celery.exceptions"}','2023-01-18 16:19:37.941434',NULL,'{"children": []}',NULL,NULL,NULL,'2023-01-18 16:19:37.941374',NULL,NULL);
INSERT INTO django_celery_results_taskresult VALUES(22,'a83922a8-b6f1-485c-a31f-3ad12d508ce7','FAILURE','application/json','utf-8','{"exc_type": "NotRegistered", "exc_message": ["paxfull_gifts.task.sample_task"], "exc_module": "celery.exceptions"}','2023-01-18 16:19:38.000764',NULL,'{"children": []}',NULL,NULL,NULL,'2023-01-18 16:19:38.000710',NULL,NULL);
INSERT INTO django_celery_results_taskresult VALUES(23,'95dc85f1-3fb6-4d3b-ab2c-384b4441520a','FAILURE','application/json','utf-8','{"exc_type": "NotRegistered", "exc_message": ["paxfull_gifts.task.sample_task"], "exc_module": "celery.exceptions"}','2023-01-18 16:19:38.061734',NULL,'{"children": []}',NULL,NULL,NULL,'2023-01-18 16:19:38.061669',NULL,NULL);
INSERT INTO django_celery_results_taskresult VALUES(24,'9cf7c1bb-2041-49da-94ec-aa97ee266a03','FAILURE','application/json','utf-8','{"exc_type": "NotRegistered", "exc_message": ["paxfull_gifts.task.sample_task"], "exc_module": "celery.exceptions"}','2023-01-18 16:19:38.146860',NULL,'{"children": []}',NULL,NULL,NULL,'2023-01-18 16:19:38.146805',NULL,NULL);
INSERT INTO django_celery_results_taskresult VALUES(25,'a06dada9-1d3c-48e4-9d90-39ac6a1198d1','FAILURE','application/json','utf-8','{"exc_type": "NotRegistered", "exc_message": ["paxfull_gifts.task.sample_task"], "exc_module": "celery.exceptions"}','2023-01-18 16:19:38.205454',NULL,'{"children": []}',NULL,NULL,NULL,'2023-01-18 16:19:38.205402',NULL,NULL);
INSERT INTO django_celery_results_taskresult VALUES(26,'9d70f28c-eed5-449d-b3ae-2a2946ccb5bb','FAILURE','application/json','utf-8','{"exc_type": "NotRegistered", "exc_message": ["paxfull_gifts.task.sample_task"], "exc_module": "celery.exceptions"}','2023-01-18 16:19:38.290137',NULL,'{"children": []}',NULL,NULL,NULL,'2023-01-18 16:19:38.290088',NULL,NULL);
INSERT INTO django_celery_results_taskresult VALUES(27,'615ae4fc-009e-415b-b5d8-51ab0d59b4ce','FAILURE','application/json','utf-8','{"exc_type": "NotRegistered", "exc_message": ["paxfull_gifts.task.sample_task"], "exc_module": "celery.exceptions"}','2023-01-18 16:19:38.376917',NULL,'{"children": []}',NULL,NULL,NULL,'2023-01-18 16:19:38.376845',NULL,NULL);
INSERT INTO django_celery_results_taskresult VALUES(28,'7e48ba9a-c2e9-4aca-a32a-6439bf292ebd','FAILURE','application/json','utf-8','{"exc_type": "NotRegistered", "exc_message": ["paxfull_gifts.task.sample_task"], "exc_module": "celery.exceptions"}','2023-01-18 16:19:38.436627',NULL,'{"children": []}',NULL,NULL,NULL,'2023-01-18 16:19:38.436558',NULL,NULL);
INSERT INTO django_celery_results_taskresult VALUES(29,'221de991-e4fa-441f-89b2-9a07c8ab974a','FAILURE','application/json','utf-8','{"exc_type": "NotRegistered", "exc_message": ["paxfull_gifts.task.sample_task"], "exc_module": "celery.exceptions"}','2023-01-18 16:19:38.496606',NULL,'{"children": []}',NULL,NULL,NULL,'2023-01-18 16:19:38.496545',NULL,NULL);
INSERT INTO django_celery_results_taskresult VALUES(30,'36c9f767-8cbe-49f4-afee-e8aa1f50ad64','FAILURE','application/json','utf-8','{"exc_type": "NotRegistered", "exc_message": ["paxfull_gifts.task.sample_task"], "exc_module": "celery.exceptions"}','2023-01-18 16:19:38.556616',NULL,'{"children": []}',NULL,NULL,NULL,'2023-01-18 16:19:38.556558',NULL,NULL);
INSERT INTO django_celery_results_taskresult VALUES(31,'54f4e8a2-7c8e-4479-bc68-c6e3249f95cf','FAILURE','application/json','utf-8','{"exc_type": "NotRegistered", "exc_message": ["paxfull_gifts.task.sample_task"], "exc_module": "celery.exceptions"}','2023-01-18 16:19:38.615799',NULL,'{"children": []}',NULL,NULL,NULL,'2023-01-18 16:19:38.615743',NULL,NULL);
INSERT INTO django_celery_results_taskresult VALUES(32,'00fb7cf5-bc2d-461b-89ac-0e2d79a1a253','FAILURE','application/json','utf-8','{"exc_type": "NotRegistered", "exc_message": ["paxfull_gifts.task.sample_task"], "exc_module": "celery.exceptions"}','2023-01-18 16:19:38.688278',NULL,'{"children": []}',NULL,NULL,NULL,'2023-01-18 16:19:38.688217',NULL,NULL);
INSERT INTO django_celery_results_taskresult VALUES(33,'3cf1ac41-fc6b-4249-8814-db491d503209','SUCCESS','application/json','utf-8','null','2023-01-18 16:19:38.759571',NULL,'{"children": []}',NULL,NULL,NULL,'2023-01-18 16:19:38.759495',NULL,NULL);
INSERT INTO django_celery_results_taskresult VALUES(34,'ec2480aa-b4cf-4154-8512-c141afa16a8e','SUCCESS','application/json','utf-8','null','2023-01-18 16:19:38.760509',NULL,'{"children": []}',NULL,NULL,NULL,'2023-01-18 16:19:38.760372',NULL,NULL);
INSERT INTO django_celery_results_taskresult VALUES(35,'b7e19fc9-1845-44cc-bcd4-2f824393288b','SUCCESS','application/json','utf-8','null','2023-01-18 16:19:38.872447',NULL,'{"children": []}',NULL,NULL,NULL,'2023-01-18 16:19:38.872397',NULL,NULL);
INSERT INTO django_celery_results_taskresult VALUES(36,'f5c6a217-851e-4137-b74d-969a41133166','SUCCESS','application/json','utf-8','null','2023-01-18 16:19:38.873845',NULL,'{"children": []}',NULL,NULL,NULL,'2023-01-18 16:19:38.873758',NULL,NULL);
INSERT INTO django_celery_results_taskresult VALUES(37,'2cfbf34a-559e-4cd8-8d42-83fc5a0a9e27','SUCCESS','application/json','utf-8','null','2023-01-18 16:19:38.987402',NULL,'{"children": []}',NULL,NULL,NULL,'2023-01-18 16:19:38.987335',NULL,NULL);
INSERT INTO django_celery_results_taskresult VALUES(38,'3f0e4f5b-dd7b-4ac1-99ea-5ca8d05856a2','SUCCESS','application/json','utf-8','null','2023-01-18 16:19:38.988553',NULL,'{"children": []}',NULL,NULL,NULL,'2023-01-18 16:19:38.988498',NULL,NULL);
INSERT INTO django_celery_results_taskresult VALUES(39,'d7b215c0-e9e0-4eb2-a988-28769d168cfa','SUCCESS','application/json','utf-8','null','2023-01-18 16:19:39.104045',NULL,'{"children": []}',NULL,NULL,NULL,'2023-01-18 16:19:39.103959',NULL,NULL);
INSERT INTO django_celery_results_taskresult VALUES(40,'b675853c-25a5-4dc1-bfc3-cc112f85abdc','SUCCESS','application/json','utf-8','null','2023-01-18 16:19:39.106156',NULL,'{"children": []}',NULL,NULL,NULL,'2023-01-18 16:19:39.106072',NULL,NULL);
INSERT INTO django_celery_results_taskresult VALUES(41,'7419a59a-08f3-4c4e-bcd0-5921ec61424f','SUCCESS','application/json','utf-8','null','2023-01-18 16:19:39.221849',NULL,'{"children": []}',NULL,NULL,NULL,'2023-01-18 16:19:39.221790',NULL,NULL);
INSERT INTO django_celery_results_taskresult VALUES(42,'dd17f733-dd0e-4bf7-aef6-cc2bd0cfc147','SUCCESS','application/json','utf-8','null','2023-01-18 16:19:39.104234',NULL,'{"children": []}',NULL,NULL,NULL,'2023-01-18 16:19:39.104178',NULL,NULL);
INSERT INTO django_celery_results_taskresult VALUES(43,'7ae6adee-ecc2-4445-8c00-c89bba01eeac','SUCCESS','application/json','utf-8','null','2023-01-18 16:19:39.285170',NULL,'{"children": []}',NULL,NULL,NULL,'2023-01-18 16:19:39.285118',NULL,NULL);
INSERT INTO django_celery_results_taskresult VALUES(44,'c803d41c-34f9-4487-8646-b8af4096e6c5','SUCCESS','application/json','utf-8','null','2023-01-18 16:19:39.425920',NULL,'{"children": []}',NULL,NULL,NULL,'2023-01-18 16:19:39.425837',NULL,NULL);
INSERT INTO django_celery_results_taskresult VALUES(45,'92a325bd-5e7a-4005-862a-47515e21b888','SUCCESS','application/json','utf-8','null','2023-01-18 16:19:39.428327',NULL,'{"children": []}',NULL,NULL,NULL,'2023-01-18 16:19:39.428268',NULL,NULL);
INSERT INTO django_celery_results_taskresult VALUES(46,'938be208-8263-4615-b790-11a9e516fe1b','SUCCESS','application/json','utf-8','null','2023-01-18 16:19:39.541923',NULL,'{"children": []}',NULL,NULL,NULL,'2023-01-18 16:19:39.541857',NULL,NULL);
INSERT INTO django_celery_results_taskresult VALUES(47,'4271dbc3-4188-4c11-b9f1-ba3facf959f1','SUCCESS','application/json','utf-8','null','2023-01-18 16:19:39.599607',NULL,'{"children": []}',NULL,NULL,NULL,'2023-01-18 16:19:39.599547',NULL,NULL);
INSERT INTO django_celery_results_taskresult VALUES(48,'219ab93a-d5c8-4669-9dd8-255d51198fe1','SUCCESS','application/json','utf-8','null','2023-01-18 16:19:39.660686',NULL,'{"children": []}',NULL,NULL,NULL,'2023-01-18 16:19:39.660577',NULL,NULL);
INSERT INTO django_celery_results_taskresult VALUES(49,'a3a6a0af-f8e9-46ec-b674-be0495339696','SUCCESS','application/json','utf-8','null','2023-01-18 16:19:39.721844',NULL,'{"children": []}',NULL,NULL,NULL,'2023-01-18 16:19:39.721787',NULL,NULL);
INSERT INTO django_celery_results_taskresult VALUES(50,'ace8a3d4-f2be-476c-8617-c73daa0e5a5f','SUCCESS','application/json','utf-8','null','2023-01-18 16:19:39.784605',NULL,'{"children": []}',NULL,NULL,NULL,'2023-01-18 16:19:39.784565',NULL,NULL);
INSERT INTO django_celery_results_taskresult VALUES(51,'35989b30-7c81-40d6-9e6d-cc9740861581','SUCCESS','application/json','utf-8','null','2023-01-18 16:19:39.661110',NULL,'{"children": []}',NULL,NULL,NULL,'2023-01-18 16:19:39.661061',NULL,NULL);
INSERT INTO django_celery_results_taskresult VALUES(52,'256747b3-1a11-4eaf-88e9-20be0c05ba55','SUCCESS','application/json','utf-8','null','2023-01-18 16:19:39.899934',NULL,'{"children": []}',NULL,NULL,NULL,'2023-01-18 16:19:39.899862',NULL,NULL);
INSERT INTO django_celery_results_taskresult VALUES(53,'1e28fac6-05e4-412d-9a22-61c4cb179663','SUCCESS','application/json','utf-8','null','2023-01-18 16:19:39.901122',NULL,'{"children": []}',NULL,NULL,NULL,'2023-01-18 16:19:39.901066',NULL,NULL);
INSERT INTO django_celery_results_taskresult VALUES(54,'804f42b9-e086-4730-b2d6-397482c149f5','SUCCESS','application/json','utf-8','null','2023-01-18 16:19:39.285360',NULL,'{"children": []}',NULL,NULL,NULL,'2023-01-18 16:19:39.285312',NULL,NULL);
INSERT INTO django_celery_results_taskresult VALUES(55,'025e78eb-2436-48af-b98a-74f345eedf0b','SUCCESS','application/json','utf-8','null','2023-01-18 16:19:40.072073',NULL,'{"children": []}',NULL,NULL,NULL,'2023-01-18 16:19:40.071983',NULL,NULL);
INSERT INTO django_celery_results_taskresult VALUES(56,'2ec4e09b-1324-4e85-9d49-6ab7facfd3ac','SUCCESS','application/json','utf-8','null','2023-01-18 16:19:40.015771',NULL,'{"children": []}',NULL,NULL,NULL,'2023-01-18 16:19:40.015708',NULL,NULL);
INSERT INTO django_celery_results_taskresult VALUES(57,'0c7d11c3-c721-4862-8a75-2f013a71016b','SUCCESS','application/json','utf-8','null','2023-01-18 16:19:40.206733',NULL,'{"children": []}',NULL,NULL,NULL,'2023-01-18 16:19:40.206672',NULL,NULL);
INSERT INTO django_celery_results_taskresult VALUES(58,'0611095a-5ae0-45aa-b53e-a2a3d81e496b','SUCCESS','application/json','utf-8','null','2023-01-18 16:19:40.272455',NULL,'{"children": []}',NULL,NULL,NULL,'2023-01-18 16:19:40.272397',NULL,NULL);
INSERT INTO django_celery_results_taskresult VALUES(59,'7c449b7c-e9ef-488f-983a-10501656eb4d','SUCCESS','application/json','utf-8','null','2023-01-18 16:19:40.333852',NULL,'{"children": []}',NULL,NULL,NULL,'2023-01-18 16:19:40.333794',NULL,NULL);
INSERT INTO django_celery_results_taskresult VALUES(60,'f19232a0-4afe-45ae-a694-25c2bfa292ce','SUCCESS','application/json','utf-8','null','2023-01-18 16:19:40.390489',NULL,'{"children": []}',NULL,NULL,NULL,'2023-01-18 16:19:40.390401',NULL,NULL);
INSERT INTO django_celery_results_taskresult VALUES(61,'f6ebfc30-f216-4854-88dc-d2f558fbffc9','SUCCESS','application/json','utf-8','null','2023-01-18 16:19:40.449120',NULL,'{"children": []}',NULL,NULL,NULL,'2023-01-18 16:19:40.449035',NULL,NULL);
INSERT INTO django_celery_results_taskresult VALUES(62,'c48d3cfe-ad28-489d-951c-674f8281156e','SUCCESS','application/json','utf-8','null','2023-01-18 16:19:40.507115',NULL,'{"children": []}',NULL,NULL,NULL,'2023-01-18 16:19:40.507007',NULL,NULL);
INSERT INTO django_celery_results_taskresult VALUES(63,'febedbc9-621d-4242-ab8c-f772e1c5c9a0','SUCCESS','application/json','utf-8','null','2023-01-18 16:19:40.567602',NULL,'{"children": []}',NULL,NULL,NULL,'2023-01-18 16:19:40.567549',NULL,NULL);
INSERT INTO django_celery_results_taskresult VALUES(64,'27d6146e-b5dc-4b4d-a075-b5d17eff7678','SUCCESS','application/json','utf-8','null','2023-01-18 16:19:40.568596',NULL,'{"children": []}',NULL,NULL,NULL,'2023-01-18 16:19:40.568540',NULL,NULL);
INSERT INTO django_celery_results_taskresult VALUES(65,'b81a419c-2633-47e2-aad5-d0f9ce98b166','SUCCESS','application/json','utf-8','null','2023-01-18 16:19:40.684767',NULL,'{"children": []}',NULL,NULL,NULL,'2023-01-18 16:19:40.684710',NULL,NULL);
INSERT INTO django_celery_results_taskresult VALUES(66,'0cd6f6ec-967b-4cc2-b626-83287944f502','SUCCESS','application/json','utf-8','null','2023-01-18 16:19:40.685244',NULL,'{"children": []}',NULL,NULL,NULL,'2023-01-18 16:19:40.685196',NULL,NULL);
INSERT INTO django_celery_results_taskresult VALUES(67,'13ebc4e1-191a-4321-aba0-d813386ea34b','SUCCESS','application/json','utf-8','null','2023-01-18 16:19:40.802282',NULL,'{"children": []}',NULL,NULL,NULL,'2023-01-18 16:19:40.802230',NULL,NULL);
INSERT INTO django_celery_results_taskresult VALUES(68,'a243361a-ecd6-4959-b8b8-7ff0735e5436','SUCCESS','application/json','utf-8','null','2023-01-18 16:19:40.864187',NULL,'{"children": []}',NULL,NULL,NULL,'2023-01-18 16:19:40.864124',NULL,NULL);
INSERT INTO django_celery_results_taskresult VALUES(69,'acd0ce41-c69b-4f26-bc98-404d0c6d45e2','SUCCESS','application/json','utf-8','null','2023-01-18 16:19:40.927017',NULL,'{"children": []}',NULL,NULL,NULL,'2023-01-18 16:19:40.926933',NULL,NULL);
INSERT INTO django_celery_results_taskresult VALUES(70,'f5ecacf2-b1d5-4935-859e-7f4bdbaa1cd2','SUCCESS','application/json','utf-8','null','2023-01-18 16:19:40.802315',NULL,'{"children": []}',NULL,NULL,NULL,'2023-01-18 16:19:40.802264',NULL,NULL);
INSERT INTO django_celery_results_taskresult VALUES(71,'7dbdac4f-f92f-4b92-b8cd-26669609d912','SUCCESS','application/json','utf-8','null','2023-01-18 16:19:40.208475',NULL,'{"children": []}',NULL,NULL,NULL,'2023-01-18 16:19:40.208397',NULL,NULL);
INSERT INTO django_celery_results_taskresult VALUES(72,'06e8a3df-f327-4023-b6c8-72cb9197b251','SUCCESS','application/json','utf-8','null','2023-01-18 16:19:41.040970',NULL,'{"children": []}',NULL,NULL,NULL,'2023-01-18 16:19:41.040864',NULL,NULL);
INSERT INTO django_celery_results_taskresult VALUES(73,'e7dd1983-de81-4a2e-8e37-e9540f5f52c1','SUCCESS','application/json','utf-8','null','2023-01-18 16:19:41.180799',NULL,'{"children": []}',NULL,NULL,NULL,'2023-01-18 16:19:41.180717',NULL,NULL);
INSERT INTO django_celery_results_taskresult VALUES(74,'76fe1e2a-7cc7-408d-a910-4c2670d26a33','SUCCESS','application/json','utf-8','null','2023-01-18 16:19:41.264312',NULL,'{"children": []}',NULL,NULL,NULL,'2023-01-18 16:19:41.264243',NULL,NULL);
INSERT INTO django_celery_results_taskresult VALUES(75,'cc6b42ec-cb92-47d1-91ea-0373e72f8006','SUCCESS','application/json','utf-8','null','2023-01-18 16:19:41.322391',NULL,'{"children": []}',NULL,NULL,NULL,'2023-01-18 16:19:41.322329',NULL,NULL);
INSERT INTO django_celery_results_taskresult VALUES(76,'017a66b9-729e-4b46-bc3e-e8f85e5d7e43','SUCCESS','application/json','utf-8','null','2023-01-18 16:19:41.381615',NULL,'{"children": []}',NULL,NULL,NULL,'2023-01-18 16:19:41.381547',NULL,NULL);
INSERT INTO django_celery_results_taskresult VALUES(77,'6ebfa7dd-c407-4cfa-9429-d2cf606558ec','SUCCESS','application/json','utf-8','null','2023-01-18 16:19:40.208651',NULL,'{"children": []}',NULL,NULL,NULL,'2023-01-18 16:19:40.208602',NULL,NULL);
INSERT INTO django_celery_results_taskresult VALUES(78,'52d3d16e-938e-49c5-84c6-0eca60fe5eb1','SUCCESS','application/json','utf-8','null','2023-01-18 16:19:41.500453',NULL,'{"children": []}',NULL,NULL,NULL,'2023-01-18 16:19:41.500400',NULL,NULL);
INSERT INTO django_celery_results_taskresult VALUES(79,'dc676700-cebb-4415-968b-e3b19f591367','SUCCESS','application/json','utf-8','null','2023-01-18 16:19:41.501993',NULL,'{"children": []}',NULL,NULL,NULL,'2023-01-18 16:19:41.501926',NULL,NULL);
INSERT INTO django_celery_results_taskresult VALUES(80,'453d64f6-1add-4917-96c7-9f4badd5938c','SUCCESS','application/json','utf-8','null','2023-01-18 16:19:41.613267',NULL,'{"children": []}',NULL,NULL,NULL,'2023-01-18 16:19:41.613204',NULL,NULL);
INSERT INTO django_celery_results_taskresult VALUES(81,'da64cdb6-4ebe-40a0-9d16-76ae437e0ec2','SUCCESS','application/json','utf-8','null','2023-01-18 16:19:41.674115',NULL,'{"children": []}',NULL,NULL,NULL,'2023-01-18 16:19:41.674019',NULL,NULL);
INSERT INTO django_celery_results_taskresult VALUES(82,'d52cb182-398c-4868-9a17-bd0316d9ac8d','SUCCESS','application/json','utf-8','null','2023-01-18 16:19:41.744912',NULL,'{"children": []}',NULL,NULL,NULL,'2023-01-18 16:19:41.744858',NULL,NULL);
INSERT INTO django_celery_results_taskresult VALUES(83,'aaafada4-00df-4761-a3a6-99809a2cfb72','SUCCESS','application/json','utf-8','null','2023-01-18 16:19:41.804150',NULL,'{"children": []}',NULL,NULL,NULL,'2023-01-18 16:19:41.804080',NULL,NULL);
INSERT INTO django_celery_results_taskresult VALUES(84,'e0c3fb37-ffe1-48f1-b6fb-ddc13f519ead','SUCCESS','application/json','utf-8','null','2023-01-18 16:19:41.805769',NULL,'{"children": []}',NULL,NULL,NULL,'2023-01-18 16:19:41.805709',NULL,NULL);
INSERT INTO django_celery_results_taskresult VALUES(85,'90590e4c-bba9-4d24-91eb-fecce2c05b71','SUCCESS','application/json','utf-8','null','2023-01-18 16:19:41.919016',NULL,'{"children": []}',NULL,NULL,NULL,'2023-01-18 16:19:41.918922',NULL,NULL);
INSERT INTO django_celery_results_taskresult VALUES(86,'bd803a59-d849-4ce0-8b73-bd6481e97a33','SUCCESS','application/json','utf-8','null','2023-01-18 16:19:41.977727',NULL,'{"children": []}',NULL,NULL,NULL,'2023-01-18 16:19:41.977674',NULL,NULL);
INSERT INTO django_celery_results_taskresult VALUES(87,'164e6af9-a538-4995-9af0-aa63cb57b806','SUCCESS','application/json','utf-8','null','2023-01-18 16:19:42.036944',NULL,'{"children": []}',NULL,NULL,NULL,'2023-01-18 16:19:42.036893',NULL,NULL);
INSERT INTO django_celery_results_taskresult VALUES(88,'69bb8c1d-469a-4d33-9cc2-41f0d7b8f617','SUCCESS','application/json','utf-8','null','2023-01-18 16:19:42.038427',NULL,'{"children": []}',NULL,NULL,NULL,'2023-01-18 16:19:42.038367',NULL,NULL);
INSERT INTO django_celery_results_taskresult VALUES(89,'121391b4-6c27-4bd3-ab0f-4042fd2d9566','SUCCESS','application/json','utf-8','null','2023-01-18 16:19:42.150952',NULL,'{"children": []}',NULL,NULL,NULL,'2023-01-18 16:19:42.150872',NULL,NULL);
INSERT INTO django_celery_results_taskresult VALUES(90,'90aa3cae-f702-4767-9739-4b03d93b010d','SUCCESS','application/json','utf-8','null','2023-01-18 16:19:41.977840',NULL,'{"children": []}',NULL,NULL,NULL,'2023-01-18 16:19:41.977783',NULL,NULL);
INSERT INTO django_celery_results_taskresult VALUES(91,'ed495779-f261-427a-8811-f1a2e3d7d8fa','SUCCESS','application/json','utf-8','null','2023-01-18 16:19:42.208667',NULL,'{"children": []}',NULL,NULL,NULL,'2023-01-18 16:19:42.208589',NULL,NULL);
INSERT INTO django_celery_results_taskresult VALUES(92,'bd430c58-9175-4e8e-a58e-7bddceb3453b','SUCCESS','application/json','utf-8','null','2023-01-18 16:19:42.324088',NULL,'{"children": []}',NULL,NULL,NULL,'2023-01-18 16:19:42.324014',NULL,NULL);
INSERT INTO django_celery_results_taskresult VALUES(93,'ac0180e3-ea6b-42cc-ae9b-b28364bf9c5c','SUCCESS','application/json','utf-8','null','2023-01-18 16:19:42.385418',NULL,'{"children": []}',NULL,NULL,NULL,'2023-01-18 16:19:42.385362',NULL,NULL);
INSERT INTO django_celery_results_taskresult VALUES(94,'a5441c01-59fc-4b86-ba17-78b2133af93b','SUCCESS','application/json','utf-8','null','2023-01-18 16:19:42.444813',NULL,'{"children": []}',NULL,NULL,NULL,'2023-01-18 16:19:42.444730',NULL,NULL);
INSERT INTO django_celery_results_taskresult VALUES(95,'66e018a6-c2c1-42d2-9760-4a543ed9070d','SUCCESS','application/json','utf-8','null','2023-01-18 16:19:42.501862',NULL,'{"children": []}',NULL,NULL,NULL,'2023-01-18 16:19:42.501806',NULL,NULL);
INSERT INTO django_celery_results_taskresult VALUES(96,'bc7ec2b3-788a-4d49-ac37-6106d45fc53b','SUCCESS','application/json','utf-8','null','2023-01-18 16:19:42.562113',NULL,'{"children": []}',NULL,NULL,NULL,'2023-01-18 16:19:42.562046',NULL,NULL);
INSERT INTO django_celery_results_taskresult VALUES(97,'a1a0da42-48e3-44f2-8a79-6d42b297ba99','SUCCESS','application/json','utf-8','null','2023-01-18 16:19:42.678358',NULL,'{"children": []}',NULL,NULL,NULL,'2023-01-18 16:19:42.678287',NULL,NULL);
INSERT INTO django_celery_results_taskresult VALUES(98,'f53cf639-3956-4210-9250-cffff63cf092','SUCCESS','application/json','utf-8','null','2023-01-18 16:19:42.207488',NULL,'{"children": []}',NULL,NULL,NULL,'2023-01-18 16:19:42.207392',NULL,NULL);
INSERT INTO django_celery_results_taskresult VALUES(99,'406480ac-baba-4fa5-ae69-d18739d71f3f','SUCCESS','application/json','utf-8','null','2023-01-18 16:19:42.794039',NULL,'{"children": []}',NULL,NULL,NULL,'2023-01-18 16:19:42.793944',NULL,NULL);
INSERT INTO django_celery_results_taskresult VALUES(100,'c5217055-19c7-4ebd-bb56-4ee73007e402','SUCCESS','application/json','utf-8','null','2023-01-18 16:19:42.795665',NULL,'{"children": []}',NULL,NULL,NULL,'2023-01-18 16:19:42.795600',NULL,NULL);
INSERT INTO django_celery_results_taskresult VALUES(101,'719d9578-9a34-4184-9351-3a06bb198cd3','SUCCESS','application/json','utf-8','null','2023-01-18 16:19:42.983995',NULL,'{"children": []}',NULL,NULL,NULL,'2023-01-18 16:19:42.983929',NULL,NULL);
INSERT INTO django_celery_results_taskresult VALUES(102,'452d0570-6449-4b54-b225-1d3504403ed0','SUCCESS','application/json','utf-8','null','2023-01-18 16:19:43.052361',NULL,'{"children": []}',NULL,NULL,NULL,'2023-01-18 16:19:43.052298',NULL,NULL);
INSERT INTO django_celery_results_taskresult VALUES(103,'f380b194-ea00-48be-b36a-235f13d7f1fe','SUCCESS','application/json','utf-8','null','2023-01-18 16:19:42.984949',NULL,'{"children": []}',NULL,NULL,NULL,'2023-01-18 16:19:42.984890',NULL,NULL);
INSERT INTO django_celery_results_taskresult VALUES(104,'02de34c6-37af-4417-8079-75cc8db78b25','SUCCESS','application/json','utf-8','null','2023-01-18 16:19:43.115554',NULL,'{"children": []}',NULL,NULL,NULL,'2023-01-18 16:19:43.115477',NULL,NULL);
INSERT INTO django_celery_results_taskresult VALUES(105,'5fe84639-ee43-4384-9811-5541577ca007','SUCCESS','application/json','utf-8','null','2023-01-18 16:19:41.097043',NULL,'{"children": []}',NULL,NULL,NULL,'2023-01-18 16:19:41.096953',NULL,NULL);
INSERT INTO django_celery_results_taskresult VALUES(106,'a5511197-cd09-46db-9c32-760f59878699','SUCCESS','application/json','utf-8','null','2023-01-18 16:19:43.286689',NULL,'{"children": []}',NULL,NULL,NULL,'2023-01-18 16:19:43.286620',NULL,NULL);
INSERT INTO django_celery_results_taskresult VALUES(107,'797ce583-48b5-4f50-b68b-6e42c4719b80','SUCCESS','application/json','utf-8','null','2023-01-18 16:19:43.351994',NULL,'{"children": []}',NULL,NULL,NULL,'2023-01-18 16:19:43.351938',NULL,NULL);
INSERT INTO django_celery_results_taskresult VALUES(108,'f5be1696-8d5e-4275-8fea-7e75f22610da','SUCCESS','application/json','utf-8','null','2023-01-18 16:19:43.428635',NULL,'{"children": []}',NULL,NULL,NULL,'2023-01-18 16:19:43.428576',NULL,NULL);
INSERT INTO django_celery_results_taskresult VALUES(109,'eba05c4f-fbc2-4760-92d6-e0231acd4e62','SUCCESS','application/json','utf-8','null','2023-01-18 16:19:43.492653',NULL,'{"children": []}',NULL,NULL,NULL,'2023-01-18 16:19:43.492596',NULL,NULL);
INSERT INTO django_celery_results_taskresult VALUES(110,'cf84d4dd-8245-48c8-acc3-a4d43363ae69','SUCCESS','application/json','utf-8','null','2023-01-18 16:19:43.493558',NULL,'{"children": []}',NULL,NULL,NULL,'2023-01-18 16:19:43.493497',NULL,NULL);
INSERT INTO django_celery_results_taskresult VALUES(111,'c970802c-3fea-493e-9575-8baf0254b46a','SUCCESS','application/json','utf-8','null','2023-01-18 16:19:43.610436',NULL,'{"children": []}',NULL,NULL,NULL,'2023-01-18 16:19:43.610358',NULL,NULL);
INSERT INTO django_celery_results_taskresult VALUES(112,'cbfa5ae9-1e3e-4bd3-b31a-468754f41a77','SUCCESS','application/json','utf-8','null','2023-01-18 16:19:43.667853',NULL,'{"children": []}',NULL,NULL,NULL,'2023-01-18 16:19:43.667803',NULL,NULL);
INSERT INTO django_celery_results_taskresult VALUES(113,'af64eb15-565d-4533-9b52-5bef4f4db9ec','SUCCESS','application/json','utf-8','null','2023-01-18 16:19:43.727166',NULL,'{"children": []}',NULL,NULL,NULL,'2023-01-18 16:19:43.727107',NULL,NULL);
INSERT INTO django_celery_results_taskresult VALUES(114,'a3f59c41-b950-4ea5-8dab-3c34fa636059','SUCCESS','application/json','utf-8','null','2023-01-18 16:19:43.784821',NULL,'{"children": []}',NULL,NULL,NULL,'2023-01-18 16:19:43.784764',NULL,NULL);
INSERT INTO django_celery_results_taskresult VALUES(115,'2af92905-aba8-4398-8e92-a3c574d5c8c9','SUCCESS','application/json','utf-8','null','2023-01-18 16:19:43.843908',NULL,'{"children": []}',NULL,NULL,NULL,'2023-01-18 16:19:43.843844',NULL,NULL);
INSERT INTO django_celery_results_taskresult VALUES(116,'54c87d36-9989-4692-8f05-8e5faaba3149','SUCCESS','application/json','utf-8','null','2023-01-18 16:19:43.902507',NULL,'{"children": []}',NULL,NULL,NULL,'2023-01-18 16:19:43.902441',NULL,NULL);
INSERT INTO django_celery_results_taskresult VALUES(117,'0a7362ea-572b-4d99-b04a-8679da66f4fe','SUCCESS','application/json','utf-8','null','2023-01-18 16:19:43.969143',NULL,'{"children": []}',NULL,NULL,NULL,'2023-01-18 16:19:43.969085',NULL,NULL);
INSERT INTO django_celery_results_taskresult VALUES(118,'7bb7c7ea-2fd5-4414-8448-9c03c515a2a4','SUCCESS','application/json','utf-8','null','2023-01-18 16:19:44.030471',NULL,'{"children": []}',NULL,NULL,NULL,'2023-01-18 16:19:44.030414',NULL,NULL);
INSERT INTO django_celery_results_taskresult VALUES(119,'f07c4739-5a71-44de-921b-ccbe6ac9cee8','SUCCESS','application/json','utf-8','null','2023-01-18 16:19:44.087558',NULL,'{"children": []}',NULL,NULL,NULL,'2023-01-18 16:19:44.087486',NULL,NULL);
INSERT INTO django_celery_results_taskresult VALUES(120,'45547e72-7411-40fe-bd08-43508d5bf11a','SUCCESS','application/json','utf-8','null','2023-01-18 16:19:44.145837',NULL,'{"children": []}',NULL,NULL,NULL,'2023-01-18 16:19:44.145759',NULL,NULL);
INSERT INTO django_celery_results_taskresult VALUES(121,'7eec1513-6a9b-4330-a307-204cedd1c399','SUCCESS','application/json','utf-8','null','2023-01-18 16:19:44.208966',NULL,'{"children": []}',NULL,NULL,NULL,'2023-01-18 16:19:44.208894',NULL,NULL);
INSERT INTO django_celery_results_taskresult VALUES(122,'9aaea5ec-2217-4ed0-95d3-5e0bcf1b33c1','SUCCESS','application/json','utf-8','null','2023-01-18 16:19:44.269425',NULL,'{"children": []}',NULL,NULL,NULL,'2023-01-18 16:19:44.269373',NULL,NULL);
INSERT INTO django_celery_results_taskresult VALUES(123,'45a751fd-2d4e-43e0-945f-551a323443d0','SUCCESS','application/json','utf-8','null','2023-01-18 16:19:44.330086',NULL,'{"children": []}',NULL,NULL,NULL,'2023-01-18 16:19:44.330011',NULL,NULL);
INSERT INTO django_celery_results_taskresult VALUES(124,'6585900c-9025-4043-b8d7-d181c0883468','SUCCESS','application/json','utf-8','null','2023-01-18 16:19:44.331321',NULL,'{"children": []}',NULL,NULL,NULL,'2023-01-18 16:19:44.331246',NULL,NULL);
INSERT INTO django_celery_results_taskresult VALUES(125,'d1119c7c-9635-481a-b0e4-f61030899555','SUCCESS','application/json','utf-8','null','2023-01-18 16:19:43.228096',NULL,'{"children": []}',NULL,NULL,NULL,'2023-01-18 16:19:43.228034',NULL,NULL);
INSERT INTO django_celery_results_taskresult VALUES(126,'77c7c754-c4a1-47ed-98d1-caa1dbbaba0f','SUCCESS','application/json','utf-8','null','2023-01-18 16:19:44.459287',NULL,'{"children": []}',NULL,NULL,NULL,'2023-01-18 16:19:44.459207',NULL,NULL);
INSERT INTO django_celery_results_taskresult VALUES(127,'47e9030f-c107-4736-9341-bfbf5d1256e4','SUCCESS','application/json','utf-8','null','2023-01-18 16:19:44.598204',NULL,'{"children": []}',NULL,NULL,NULL,'2023-01-18 16:19:44.598146',NULL,NULL);
INSERT INTO django_celery_results_taskresult VALUES(128,'4b74f9e7-6811-433b-b40e-951e51ca0d73','SUCCESS','application/json','utf-8','null','2023-01-18 16:19:44.687747',NULL,'{"children": []}',NULL,NULL,NULL,'2023-01-18 16:19:44.687685',NULL,NULL);
INSERT INTO django_celery_results_taskresult VALUES(129,'5fc40e1e-464f-4c0e-98a2-4873593670ef','SUCCESS','application/json','utf-8','null','2023-01-18 16:19:44.748991',NULL,'{"children": []}',NULL,NULL,NULL,'2023-01-18 16:19:44.748945',NULL,NULL);
INSERT INTO django_celery_results_taskresult VALUES(130,'19bef141-271f-426a-a1a6-67b2c1f11ac0','SUCCESS','application/json','utf-8','null','2023-01-18 16:19:44.811184',NULL,'{"children": []}',NULL,NULL,NULL,'2023-01-18 16:19:44.811122',NULL,NULL);
INSERT INTO django_celery_results_taskresult VALUES(131,'085123ce-0d1c-4352-ad00-eb7e4617cf2f','SUCCESS','application/json','utf-8','null','2023-01-18 16:19:44.873775',NULL,'{"children": []}',NULL,NULL,NULL,'2023-01-18 16:19:44.873710',NULL,NULL);
INSERT INTO django_celery_results_taskresult VALUES(132,'3d5957e9-b7a3-4ea8-9daa-d04fcfaf4c82','SUCCESS','application/json','utf-8','null','2023-01-18 16:19:44.993721',NULL,'{"children": []}',NULL,NULL,NULL,'2023-01-18 16:19:44.993648',NULL,NULL);
INSERT INTO django_celery_results_taskresult VALUES(133,'fe6caec3-2579-4493-b6aa-c3555e458f1d','SUCCESS','application/json','utf-8','null','2023-01-18 16:19:42.324633',NULL,'{"children": []}',NULL,NULL,NULL,'2023-01-18 16:19:42.324566',NULL,NULL);
INSERT INTO django_celery_results_taskresult VALUES(134,'3eeac166-4371-434a-9c6f-f06a7f62e221','SUCCESS','application/json','utf-8','null','2023-01-18 16:19:44.599394',NULL,'{"children": []}',NULL,NULL,NULL,'2023-01-18 16:19:44.599332',NULL,NULL);
INSERT INTO django_celery_results_taskresult VALUES(135,'ae929b46-e2d9-4c15-b512-0dc406c6af6a','SUCCESS','application/json','utf-8','null','2023-01-18 16:19:45.130400',NULL,'{"children": []}',NULL,NULL,NULL,'2023-01-18 16:19:45.130354',NULL,NULL);
INSERT INTO django_celery_results_taskresult VALUES(136,'fcf94ee3-8a4c-410a-bf2b-b8ff46fbccf0','SUCCESS','application/json','utf-8','null','2023-01-18 16:19:45.244041',NULL,'{"children": []}',NULL,NULL,NULL,'2023-01-18 16:19:45.243973',NULL,NULL);
INSERT INTO django_celery_results_taskresult VALUES(137,'5fd6a4c3-3525-4b2d-b346-393dee750f7c','SUCCESS','application/json','utf-8','null','2023-01-18 16:19:45.245697',NULL,'{"children": []}',NULL,NULL,NULL,'2023-01-18 16:19:45.245613',NULL,NULL);
INSERT INTO django_celery_results_taskresult VALUES(138,'161d0f1d-6a57-4a28-b3db-371ed9ef7565','SUCCESS','application/json','utf-8','null','2023-01-18 16:19:43.228961',NULL,'{"children": []}',NULL,NULL,NULL,'2023-01-18 16:19:43.228881',NULL,NULL);
INSERT INTO django_celery_results_taskresult VALUES(139,'b346c556-02ec-467b-ab23-58448eb35b1d','SUCCESS','application/json','utf-8','null','2023-01-18 16:19:45.361566',NULL,'{"children": []}',NULL,NULL,NULL,'2023-01-18 16:19:45.361504',NULL,NULL);
INSERT INTO django_celery_results_taskresult VALUES(140,'422841eb-5413-4eb5-bc86-9b405ce78ed8','SUCCESS','application/json','utf-8','null','2023-01-18 16:19:45.476135',NULL,'{"children": []}',NULL,NULL,NULL,'2023-01-18 16:19:45.476060',NULL,NULL);
INSERT INTO django_celery_results_taskresult VALUES(141,'dbee8606-34e0-4003-9ce2-0ddb50d53d7b','SUCCESS','application/json','utf-8','null','2023-01-18 16:19:45.532424',NULL,'{"children": []}',NULL,NULL,NULL,'2023-01-18 16:19:45.532359',NULL,NULL);
INSERT INTO django_celery_results_taskresult VALUES(142,'a265d6d0-86f5-4904-bcaa-e939c3a5e3cd','SUCCESS','application/json','utf-8','null','2023-01-18 16:19:45.057919',NULL,'{"children": []}',NULL,NULL,NULL,'2023-01-18 16:19:45.057783',NULL,NULL);
INSERT INTO django_celery_results_taskresult VALUES(143,'6b7acadc-700c-462d-a9de-a6caa3aa8638','SUCCESS','application/json','utf-8','null','2023-01-18 16:19:45.649268',NULL,'{"children": []}',NULL,NULL,NULL,'2023-01-18 16:19:45.649197',NULL,NULL);
INSERT INTO django_celery_results_taskresult VALUES(144,'46409b3c-0226-426d-80c0-0424a5f4a6d9','SUCCESS','application/json','utf-8','null','2023-01-18 16:19:45.712108',NULL,'{"children": []}',NULL,NULL,NULL,'2023-01-18 16:19:45.712047',NULL,NULL);
INSERT INTO django_celery_results_taskresult VALUES(145,'e46e8625-437b-40da-b386-a5d9adcaf006','SUCCESS','application/json','utf-8','null','2023-01-18 16:19:45.774039',NULL,'{"children": []}',NULL,NULL,NULL,'2023-01-18 16:19:45.773969',NULL,NULL);
INSERT INTO django_celery_results_taskresult VALUES(146,'5643a6fe-8a23-49ff-84b1-2aff80951ded','SUCCESS','application/json','utf-8','null','2023-01-18 16:19:45.835530',NULL,'{"children": []}',NULL,NULL,NULL,'2023-01-18 16:19:45.835458',NULL,NULL);
INSERT INTO django_celery_results_taskresult VALUES(147,'26c51dcb-4f40-4b5e-9375-9a58957325bb','SUCCESS','application/json','utf-8','null','2023-01-18 16:19:45.897023',NULL,'{"children": []}',NULL,NULL,NULL,'2023-01-18 16:19:45.896965',NULL,NULL);
INSERT INTO django_celery_results_taskresult VALUES(148,'1ef89a08-59b1-4d73-9956-bb38bb7caea7','SUCCESS','application/json','utf-8','null','2023-01-18 16:19:45.956854',NULL,'{"children": []}',NULL,NULL,NULL,'2023-01-18 16:19:45.956792',NULL,NULL);
INSERT INTO django_celery_results_taskresult VALUES(149,'8c00a36b-ac48-4c9a-8b0d-c06be82eb76e','SUCCESS','application/json','utf-8','null','2023-01-18 16:19:46.018500',NULL,'{"children": []}',NULL,NULL,NULL,'2023-01-18 16:19:46.018439',NULL,NULL);
INSERT INTO django_celery_results_taskresult VALUES(150,'df423602-aa6c-4365-9ddc-dee11015919e','SUCCESS','application/json','utf-8','null','2023-01-18 16:19:45.649438',NULL,'{"children": []}',NULL,NULL,NULL,'2023-01-18 16:19:45.649377',NULL,NULL);
INSERT INTO django_celery_results_taskresult VALUES(151,'cb6e301c-ac3c-4548-8722-95d6f98afd1a','SUCCESS','application/json','utf-8','null','2023-01-18 16:19:46.080316',NULL,'{"children": []}',NULL,NULL,NULL,'2023-01-18 16:19:46.080260',NULL,NULL);
INSERT INTO django_celery_results_taskresult VALUES(152,'68f2e781-f9bb-4cf2-9fc4-f78cc186de0e','SUCCESS','application/json','utf-8','null','2023-01-18 16:19:45.360162',NULL,'{"children": []}',NULL,NULL,NULL,'2023-01-18 16:19:45.360053',NULL,NULL);
INSERT INTO django_celery_results_taskresult VALUES(153,'cea6b300-ecee-4904-879c-5b399eaebce8','SUCCESS','application/json','utf-8','null','2023-01-18 16:19:43.229215',NULL,'{"children": []}',NULL,NULL,NULL,'2023-01-18 16:19:43.229183',NULL,NULL);
INSERT INTO django_celery_results_taskresult VALUES(154,'eca763b5-0d14-4e33-94b4-fd4e7c6be910','SUCCESS','application/json','utf-8','null','2023-01-18 16:19:46.322364',NULL,'{"children": []}',NULL,NULL,NULL,'2023-01-18 16:19:46.322272',NULL,NULL);
INSERT INTO django_celery_results_taskresult VALUES(155,'a69099ea-2ce4-455c-9045-a0506052a626','SUCCESS','application/json','utf-8','null','2023-01-18 16:19:46.323265',NULL,'{"children": []}',NULL,NULL,NULL,'2023-01-18 16:19:46.323173',NULL,NULL);
INSERT INTO django_celery_results_taskresult VALUES(156,'f3a5a793-ce4c-4582-9329-cfd57fbc424c','SUCCESS','application/json','utf-8','null','2023-01-18 16:19:46.467489',NULL,'{"children": []}',NULL,NULL,NULL,'2023-01-18 16:19:46.467435',NULL,NULL);
INSERT INTO django_celery_results_taskresult VALUES(157,'dd0557e3-44de-42e5-a952-f26e853ec6fa','SUCCESS','application/json','utf-8','null','2023-01-18 16:19:44.993935',NULL,'{"children": []}',NULL,NULL,NULL,'2023-01-18 16:19:44.993869',NULL,NULL);
INSERT INTO django_celery_results_taskresult VALUES(158,'e00fb0ae-35c0-4e34-8d64-1597e35fb69a','SUCCESS','application/json','utf-8','null','2023-01-18 16:19:47.839949',NULL,'{"children": []}',NULL,NULL,NULL,'2023-01-18 16:19:47.839884',NULL,NULL);
INSERT INTO django_celery_results_taskresult VALUES(159,'5cd2ed20-0b58-40d5-be14-890f862defd2','SUCCESS','application/json','utf-8','null','2023-01-18 16:19:49.840785',NULL,'{"children": []}',NULL,NULL,NULL,'2023-01-18 16:19:49.840730',NULL,NULL);
INSERT INTO django_celery_results_taskresult VALUES(160,'b8a3790a-69f8-4a44-bf11-673e6cb60683','SUCCESS','application/json','utf-8','null','2023-01-18 16:19:51.841828',NULL,'{"children": []}',NULL,NULL,NULL,'2023-01-18 16:19:51.841751',NULL,NULL);
INSERT INTO django_celery_results_taskresult VALUES(161,'b87308b4-3b39-4f40-bbc4-2e43c10761c4','SUCCESS','application/json','utf-8','null','2023-01-18 16:19:53.844773',NULL,'{"children": []}',NULL,NULL,NULL,'2023-01-18 16:19:53.844700',NULL,NULL);
INSERT INTO django_celery_results_taskresult VALUES(162,'27a8c505-86d4-4c28-a06a-972cdeab738c','SUCCESS','application/json','utf-8','null','2023-01-18 16:19:55.846730',NULL,'{"children": []}',NULL,NULL,NULL,'2023-01-18 16:19:55.846663',NULL,NULL);
INSERT INTO django_celery_results_taskresult VALUES(163,'1cf2e27d-416b-401e-8918-9fafec857719','SUCCESS','application/json','utf-8','null','2023-01-18 16:19:57.848134',NULL,'{"children": []}',NULL,NULL,NULL,'2023-01-18 16:19:57.848067',NULL,NULL);
INSERT INTO django_celery_results_taskresult VALUES(164,'d400bb7f-c17e-4372-a31e-1d234ecb3047','SUCCESS','application/json','utf-8','null','2023-01-18 16:19:59.852243',NULL,'{"children": []}',NULL,NULL,NULL,'2023-01-18 16:19:59.852101',NULL,NULL);
INSERT INTO django_celery_results_taskresult VALUES(165,'dc6744ef-ee59-4f74-8449-5dbe870d3010','SUCCESS','application/json','utf-8','null','2023-01-18 16:46:16.328681',NULL,'{"children": []}',NULL,NULL,NULL,'2023-01-18 16:46:16.328546',NULL,NULL);
INSERT INTO django_celery_results_taskresult VALUES(166,'1138276b-ef39-4672-8e82-d733b1c91daf','SUCCESS','application/json','utf-8','null','2023-01-18 16:46:17.485364',NULL,'{"children": []}',NULL,NULL,NULL,'2023-01-18 16:46:17.485322',NULL,NULL);
INSERT INTO django_celery_results_taskresult VALUES(167,'a9557300-a865-4afb-9f88-61ff3d9b3d1e','SUCCESS','application/json','utf-8','null','2023-01-18 16:46:19.485985',NULL,'{"children": []}',NULL,NULL,NULL,'2023-01-18 16:46:19.485927',NULL,NULL);
INSERT INTO django_celery_results_taskresult VALUES(168,'9653428f-0fc1-475b-a9a8-fa31495ebd88','SUCCESS','application/json','utf-8','null','2023-01-18 16:46:21.485689',NULL,'{"children": []}',NULL,NULL,NULL,'2023-01-18 16:46:21.485630',NULL,NULL);
INSERT INTO django_celery_results_taskresult VALUES(169,'e49eae38-b8ce-436c-83de-e50e542c3812','SUCCESS','application/json','utf-8','null','2023-01-18 16:46:23.487211',NULL,'{"children": []}',NULL,NULL,NULL,'2023-01-18 16:46:23.487143',NULL,NULL);
INSERT INTO django_celery_results_taskresult VALUES(170,'b0b93b61-3edc-414c-ade1-6cf4c40ea891','FAILURE','application/json','utf-8','{"exc_type": "NotRegistered", "exc_message": ["sample_task"], "exc_module": "celery.exceptions"}','2023-01-18 17:15:17.772741',NULL,'{"children": []}',NULL,NULL,NULL,'2023-01-18 17:15:17.772584',NULL,NULL);
INSERT INTO django_celery_results_taskresult VALUES(171,'8f8fa83e-15bd-4d5e-903b-e1d5fd221a79','FAILURE','application/json','utf-8','{"exc_type": "NotRegistered", "exc_message": ["sample_task"], "exc_module": "celery.exceptions"}','2023-01-18 17:15:18.462408',NULL,'{"children": []}',NULL,NULL,NULL,'2023-01-18 17:15:18.462343',NULL,NULL);
INSERT INTO django_celery_results_taskresult VALUES(172,'94f7b46e-7eab-4053-955b-0cbf5ecd2e84','FAILURE','application/json','utf-8','{"exc_type": "NotRegistered", "exc_message": ["sample_task"], "exc_module": "celery.exceptions"}','2023-01-18 17:15:20.462438',NULL,'{"children": []}',NULL,NULL,NULL,'2023-01-18 17:15:20.462373',NULL,NULL);
INSERT INTO django_celery_results_taskresult VALUES(173,'3cdc729e-f843-4c07-aae7-1e561109ec47','FAILURE','application/json','utf-8','{"exc_type": "NotRegistered", "exc_message": ["sample_task"], "exc_module": "celery.exceptions"}','2023-01-18 17:15:22.464593',NULL,'{"children": []}',NULL,NULL,NULL,'2023-01-18 17:15:22.464519',NULL,NULL);
INSERT INTO django_celery_results_taskresult VALUES(174,'e22f49a4-a831-49ef-abb5-a34db561c512','FAILURE','application/json','utf-8','{"exc_type": "NotRegistered", "exc_message": ["sample_task"], "exc_module": "celery.exceptions"}','2023-01-18 17:15:24.465585',NULL,'{"children": []}',NULL,NULL,NULL,'2023-01-18 17:15:24.465534',NULL,NULL);
INSERT INTO django_celery_results_taskresult VALUES(175,'3edf73f5-01a7-4476-b570-c1862ab163e9','FAILURE','application/json','utf-8','{"exc_type": "NotRegistered", "exc_message": ["sample_task"], "exc_module": "celery.exceptions"}','2023-01-18 17:15:26.465582',NULL,'{"children": []}',NULL,NULL,NULL,'2023-01-18 17:15:26.465533',NULL,NULL);
INSERT INTO django_celery_results_taskresult VALUES(176,'c34402a7-2bb6-4ca1-bc51-6f2c5634d942','FAILURE','application/json','utf-8','{"exc_type": "NotRegistered", "exc_message": ["sample_task"], "exc_module": "celery.exceptions"}','2023-01-18 17:15:28.468492',NULL,'{"children": []}',NULL,NULL,NULL,'2023-01-18 17:15:28.468426',NULL,NULL);
INSERT INTO django_celery_results_taskresult VALUES(177,'6898629d-bc04-4852-978d-9cd952478eb0','FAILURE','application/json','utf-8','{"exc_type": "NotRegistered", "exc_message": ["sample_task"], "exc_module": "celery.exceptions"}','2023-01-18 17:15:30.469010',NULL,'{"children": []}',NULL,NULL,NULL,'2023-01-18 17:15:30.468959',NULL,NULL);
INSERT INTO django_celery_results_taskresult VALUES(178,'6d439d83-bac7-41b3-b8e4-4d7999492603','FAILURE','application/json','utf-8','{"exc_type": "NotRegistered", "exc_message": ["sample_task"], "exc_module": "celery.exceptions"}','2023-01-18 17:15:32.471852',NULL,'{"children": []}',NULL,NULL,NULL,'2023-01-18 17:15:32.471779',NULL,NULL);
INSERT INTO django_celery_results_taskresult VALUES(179,'95ac9977-23d3-4a82-8ed0-6114670a4099','FAILURE','application/json','utf-8','{"exc_type": "NotRegistered", "exc_message": ["sample_task"], "exc_module": "celery.exceptions"}','2023-01-18 17:15:34.472243',NULL,'{"children": []}',NULL,NULL,NULL,'2023-01-18 17:15:34.472165',NULL,NULL);
INSERT INTO django_celery_results_taskresult VALUES(180,'13e9472b-107e-472e-a242-09dfdab963fe','FAILURE','application/json','utf-8','{"exc_type": "NotRegistered", "exc_message": ["sample_task"], "exc_module": "celery.exceptions"}','2023-01-18 17:15:36.475303',NULL,'{"children": []}',NULL,NULL,NULL,'2023-01-18 17:15:36.475217',NULL,NULL);
INSERT INTO django_celery_results_taskresult VALUES(181,'9d17d6e8-708f-4975-82ec-e2a58fe23d9d','FAILURE','application/json','utf-8','{"exc_type": "NotRegistered", "exc_message": ["sample_task"], "exc_module": "celery.exceptions"}','2023-01-18 17:15:38.476385',NULL,'{"children": []}',NULL,NULL,NULL,'2023-01-18 17:15:38.476326',NULL,NULL);
INSERT INTO django_celery_results_taskresult VALUES(182,'6abdc562-d8e7-4b9a-81c3-b6c528031e0c','FAILURE','application/json','utf-8','{"exc_type": "NotRegistered", "exc_message": ["sample_task"], "exc_module": "celery.exceptions"}','2023-01-18 17:15:40.475446',NULL,'{"children": []}',NULL,NULL,NULL,'2023-01-18 17:15:40.475400',NULL,NULL);
INSERT INTO django_celery_results_taskresult VALUES(183,'0e1233c3-4f69-4673-944e-454e1bfc093f','FAILURE','application/json','utf-8','{"exc_type": "NotRegistered", "exc_message": ["sample_task"], "exc_module": "celery.exceptions"}','2023-01-18 17:15:42.481682',NULL,'{"children": []}',NULL,NULL,NULL,'2023-01-18 17:15:42.481610',NULL,NULL);
INSERT INTO django_celery_results_taskresult VALUES(184,'ea9a9f42-9e15-4121-9126-3176d4659a15','FAILURE','application/json','utf-8','{"exc_type": "NotRegistered", "exc_message": ["sample_task"], "exc_module": "celery.exceptions"}','2023-01-18 17:15:44.483244',NULL,'{"children": []}',NULL,NULL,NULL,'2023-01-18 17:15:44.483181',NULL,NULL);
INSERT INTO django_celery_results_taskresult VALUES(185,'1b023685-7d4d-4e3c-97c2-91721d90f0f4','FAILURE','application/json','utf-8','{"exc_type": "NotRegistered", "exc_message": ["sample_task"], "exc_module": "celery.exceptions"}','2023-01-18 17:15:46.483733',NULL,'{"children": []}',NULL,NULL,NULL,'2023-01-18 17:15:46.483680',NULL,NULL);
INSERT INTO django_celery_results_taskresult VALUES(186,'b898312d-9c5f-480c-9a84-63a77765143e','FAILURE','application/json','utf-8','{"exc_type": "NotRegistered", "exc_message": ["sample_task"], "exc_module": "celery.exceptions"}','2023-01-18 17:15:48.490831',NULL,'{"children": []}',NULL,NULL,NULL,'2023-01-18 17:15:48.490774',NULL,NULL);
INSERT INTO django_celery_results_taskresult VALUES(187,'c12cb2a0-5ac3-40a3-9550-fd9e84cd60a1','FAILURE','application/json','utf-8','{"exc_type": "NotRegistered", "exc_message": ["sample_task"], "exc_module": "celery.exceptions"}','2023-01-18 17:15:50.491745',NULL,'{"children": []}',NULL,NULL,NULL,'2023-01-18 17:15:50.491681',NULL,NULL);
INSERT INTO django_celery_results_taskresult VALUES(188,'76ae2c1c-cd8f-4a46-986f-e72863971857','FAILURE','application/json','utf-8','{"exc_type": "NotRegistered", "exc_message": ["sample_task"], "exc_module": "celery.exceptions"}','2023-01-18 17:15:52.494083',NULL,'{"children": []}',NULL,NULL,NULL,'2023-01-18 17:15:52.493988',NULL,NULL);
INSERT INTO django_celery_results_taskresult VALUES(189,'c76540e0-2f95-4fe6-80f2-c5969a1ecba1','FAILURE','application/json','utf-8','{"exc_type": "NotRegistered", "exc_message": ["sample_task"], "exc_module": "celery.exceptions"}','2023-01-18 17:15:54.494747',NULL,'{"children": []}',NULL,NULL,NULL,'2023-01-18 17:15:54.494685',NULL,NULL);
INSERT INTO django_celery_results_taskresult VALUES(190,'c6ea96ad-c934-4078-b6e5-2fac69bd4533','FAILURE','application/json','utf-8','{"exc_type": "NotRegistered", "exc_message": ["sample_task"], "exc_module": "celery.exceptions"}','2023-01-18 17:15:56.495907',NULL,'{"children": []}',NULL,NULL,NULL,'2023-01-18 17:15:56.495849',NULL,NULL);
INSERT INTO django_celery_results_taskresult VALUES(191,'562f5ba3-1597-415c-b177-fce9af02057f','SUCCESS','application/json','utf-8','null','2023-01-18 17:42:16.651406',NULL,'{"children": []}',NULL,NULL,NULL,'2023-01-18 17:42:16.651335',NULL,NULL);
INSERT INTO django_celery_results_taskresult VALUES(192,'c76e2976-04d5-49bd-809c-42e3ab674d94','SUCCESS','application/json','utf-8','null','2023-01-18 17:42:18.518846',NULL,'{"children": []}',NULL,NULL,NULL,'2023-01-18 17:42:18.518769',NULL,NULL);
INSERT INTO django_celery_results_taskresult VALUES(193,'4e7443f9-f25d-4730-98a4-de88cc213669','SUCCESS','application/json','utf-8','null','2023-01-18 17:42:20.533461',NULL,'{"children": []}',NULL,NULL,NULL,'2023-01-18 17:42:20.533410',NULL,NULL);
INSERT INTO django_celery_results_taskresult VALUES(194,'59829713-81d0-443e-8413-f01de652c909','SUCCESS','application/json','utf-8','null','2023-01-18 17:42:22.557527',NULL,'{"children": []}',NULL,NULL,NULL,'2023-01-18 17:42:22.557476',NULL,NULL);
INSERT INTO django_celery_results_taskresult VALUES(195,'aa72c8ff-bd91-457d-bece-c84d66b82993','SUCCESS','application/json','utf-8','null','2023-01-18 17:42:24.628257',NULL,'{"children": []}',NULL,NULL,NULL,'2023-01-18 17:42:24.628198',NULL,NULL);
INSERT INTO django_celery_results_taskresult VALUES(196,'cbe7a6d3-ea38-486b-a7ea-26703e4e6979','SUCCESS','application/json','utf-8','null','2023-01-18 17:42:27.873752',NULL,'{"children": []}',NULL,NULL,NULL,'2023-01-18 17:42:27.873708',NULL,NULL);
INSERT INTO django_celery_results_taskresult VALUES(197,'0879f95f-2081-4162-b012-963d9856a098','FAILURE','application/json','utf-8','{"exc_type": "NotRegistered", "exc_message": ["data.tasks.updateTags"], "exc_module": "celery.exceptions"}','2023-01-18 21:23:26.031528',NULL,'{"children": []}',NULL,NULL,NULL,'2023-01-18 21:23:26.031447',NULL,NULL);
INSERT INTO django_celery_results_taskresult VALUES(198,'e21c9aaf-44a1-4315-8930-65d7e5ecbba6','SUCCESS','application/json','utf-8','null','2023-01-18 21:23:26.114571',NULL,'{"children": []}',NULL,NULL,NULL,'2023-01-18 21:23:26.114505',NULL,NULL);
INSERT INTO django_celery_results_taskresult VALUES(199,'0de4d7ed-dce3-4682-9d89-909342a085d5','SUCCESS','application/json','utf-8','null','2023-01-18 21:23:26.573163',NULL,'{"children": []}',NULL,NULL,NULL,'2023-01-18 21:23:26.573094',NULL,NULL);
INSERT INTO django_celery_results_taskresult VALUES(200,'68752408-329e-4af9-97fb-ff836a38b8e5','FAILURE','application/json','utf-8','{"exc_type": "NotRegistered", "exc_message": ["data.tasks.updateTags"], "exc_module": "celery.exceptions"}','2023-01-18 21:23:28.020661',NULL,'{"children": []}',NULL,NULL,NULL,'2023-01-18 21:23:28.020618',NULL,NULL);
INSERT INTO django_celery_results_taskresult VALUES(201,'90294d9d-9267-4ceb-b421-4811faf25a88','SUCCESS','application/json','utf-8','null','2023-01-18 21:23:29.031391',NULL,'{"children": []}',NULL,NULL,NULL,'2023-01-18 21:23:29.031327',NULL,NULL);
INSERT INTO django_celery_results_taskresult VALUES(202,'dfff34c8-9c13-4c43-bff5-8407fcc97406','FAILURE','application/json','utf-8','{"exc_type": "NotRegistered", "exc_message": ["data.tasks.updateTags"], "exc_module": "celery.exceptions"}','2023-01-18 21:23:30.021722',NULL,'{"children": []}',NULL,NULL,NULL,'2023-01-18 21:23:30.021677',NULL,NULL);
INSERT INTO django_celery_results_taskresult VALUES(203,'8ffdf2cd-3a63-4020-9885-c48518c3cca7','SUCCESS','application/json','utf-8','null','2023-01-18 21:23:30.571239',NULL,'{"children": []}',NULL,NULL,NULL,'2023-01-18 21:23:30.571165',NULL,NULL);
INSERT INTO django_celery_results_taskresult VALUES(204,'ca997032-a5ce-4f4c-8a8b-a707a7714058','FAILURE','application/json','utf-8','{"exc_type": "NotRegistered", "exc_message": ["data.tasks.updateTags"], "exc_module": "celery.exceptions"}','2023-01-18 21:23:32.027238',NULL,'{"children": []}',NULL,NULL,NULL,'2023-01-18 21:23:32.027149',NULL,NULL);
INSERT INTO django_celery_results_taskresult VALUES(205,'b82a1a9a-1590-4240-92e2-147cfb988f2d','SUCCESS','application/json','utf-8','null','2023-01-18 21:23:32.535052',NULL,'{"children": []}',NULL,NULL,NULL,'2023-01-18 21:23:32.535001',NULL,NULL);
INSERT INTO django_celery_results_taskresult VALUES(206,'d616fa67-b5cd-4432-9dc3-3d3ffa6596d1','FAILURE','application/json','utf-8','{"exc_type": "NotRegistered", "exc_message": ["data.tasks.updateTags"], "exc_module": "celery.exceptions"}','2023-01-18 21:23:34.030817',NULL,'{"children": []}',NULL,NULL,NULL,'2023-01-18 21:23:34.030739',NULL,NULL);
INSERT INTO django_celery_results_taskresult VALUES(207,'1120312a-2ec8-4b48-9bf7-79b867b8b1ea','SUCCESS','application/json','utf-8','null','2023-01-18 21:23:34.553278',NULL,'{"children": []}',NULL,NULL,NULL,'2023-01-18 21:23:34.553230',NULL,NULL);
INSERT INTO django_celery_results_taskresult VALUES(208,'3a08bc1f-7e34-491c-8997-0283fa8aa59a','FAILURE','application/json','utf-8','{"exc_type": "NotRegistered", "exc_message": ["data.tasks.updateTags"], "exc_module": "celery.exceptions"}','2023-01-18 21:23:36.030522',NULL,'{"children": []}',NULL,NULL,NULL,'2023-01-18 21:23:36.030460',NULL,NULL);
INSERT INTO django_celery_results_taskresult VALUES(209,'ef6cc2ff-fdab-4b1b-88f3-ddfb9c031400','SUCCESS','application/json','utf-8','null','2023-01-18 21:23:36.609145',NULL,'{"children": []}',NULL,NULL,NULL,'2023-01-18 21:23:36.609101',NULL,NULL);
INSERT INTO django_celery_results_taskresult VALUES(210,'e79e923b-acdf-44bf-a5bb-e2ccde875194','FAILURE','application/json','utf-8','{"exc_type": "NotRegistered", "exc_message": ["data.tasks.updateTags"], "exc_module": "celery.exceptions"}','2023-01-18 21:23:38.030641',NULL,'{"children": []}',NULL,NULL,NULL,'2023-01-18 21:23:38.030591',NULL,NULL);
INSERT INTO django_celery_results_taskresult VALUES(211,'90964ba6-313f-449e-bf6b-656e7dfdbe45','SUCCESS','application/json','utf-8','null','2023-01-18 21:23:38.658249',NULL,'{"children": []}',NULL,NULL,NULL,'2023-01-18 21:23:38.658192',NULL,NULL);
INSERT INTO django_celery_results_taskresult VALUES(212,'8ab3c577-aff3-403c-80ef-657705a6507a','FAILURE','application/json','utf-8','{"exc_type": "NotRegistered", "exc_message": ["data.tasks.updateTags"], "exc_module": "celery.exceptions"}','2023-01-18 21:23:40.032487',NULL,'{"children": []}',NULL,NULL,NULL,'2023-01-18 21:23:40.032426',NULL,NULL);
INSERT INTO django_celery_results_taskresult VALUES(213,'7dc24ed4-bd41-4b36-918d-d2f2937e4852','SUCCESS','application/json','utf-8','null','2023-01-18 21:23:40.493028',NULL,'{"children": []}',NULL,NULL,NULL,'2023-01-18 21:23:40.492985',NULL,NULL);
INSERT INTO django_celery_results_taskresult VALUES(214,'ef1833d9-d2a2-485d-817c-67e9c2d4c3e1','FAILURE','application/json','utf-8','{"exc_type": "NotRegistered", "exc_message": ["data.tasks.updateTags"], "exc_module": "celery.exceptions"}','2023-01-18 21:23:42.032681',NULL,'{"children": []}',NULL,NULL,NULL,'2023-01-18 21:23:42.032620',NULL,NULL);
INSERT INTO django_celery_results_taskresult VALUES(215,'bbaaec51-4093-4d3c-a756-de99b58f2966','SUCCESS','application/json','utf-8','null','2023-01-18 21:23:42.552239',NULL,'{"children": []}',NULL,NULL,NULL,'2023-01-18 21:23:42.552175',NULL,NULL);
INSERT INTO django_celery_results_taskresult VALUES(216,'5b9d2f7c-013c-4745-a816-71b44fd680aa','FAILURE','application/json','utf-8','{"exc_type": "NotRegistered", "exc_message": ["data.tasks.updateTags"], "exc_module": "celery.exceptions"}','2023-01-18 21:23:44.034923',NULL,'{"children": []}',NULL,NULL,NULL,'2023-01-18 21:23:44.034857',NULL,NULL);
INSERT INTO django_celery_results_taskresult VALUES(217,'ae0b5f44-58bc-4833-bccb-21333f102409','SUCCESS','application/json','utf-8','null','2023-01-18 21:23:44.592153',NULL,'{"children": []}',NULL,NULL,NULL,'2023-01-18 21:23:44.592088',NULL,NULL);
INSERT INTO django_celery_results_taskresult VALUES(218,'b409e8d7-f727-49ea-85df-d9384fb9adbc','FAILURE','application/json','utf-8','{"exc_type": "NotRegistered", "exc_message": ["data.tasks.updateTags"], "exc_module": "celery.exceptions"}','2023-01-18 21:23:46.038206',NULL,'{"children": []}',NULL,NULL,NULL,'2023-01-18 21:23:46.038105',NULL,NULL);
INSERT INTO django_celery_results_taskresult VALUES(219,'50cbeb93-df5f-442a-b218-623a3b109848','SUCCESS','application/json','utf-8','null','2023-01-18 21:23:46.537932',NULL,'{"children": []}',NULL,NULL,NULL,'2023-01-18 21:23:46.537854',NULL,NULL);
INSERT INTO django_celery_results_taskresult VALUES(220,'e59c2b7c-e77d-4d9e-8736-b73f37759dce','FAILURE','application/json','utf-8','{"exc_type": "NotRegistered", "exc_message": ["data.tasks.updateTags"], "exc_module": "celery.exceptions"}','2023-01-18 21:23:48.038354',NULL,'{"children": []}',NULL,NULL,NULL,'2023-01-18 21:23:48.038232',NULL,NULL);
INSERT INTO django_celery_results_taskresult VALUES(221,'7fa93b0d-178a-44b1-bc29-81515f97418a','SUCCESS','application/json','utf-8','null','2023-01-18 21:23:48.677765',NULL,'{"children": []}',NULL,NULL,NULL,'2023-01-18 21:23:48.677719',NULL,NULL);
INSERT INTO django_celery_results_taskresult VALUES(222,'6d68ee7c-2840-49dc-8db0-aabbb12668f5','FAILURE','application/json','utf-8','{"exc_type": "NotRegistered", "exc_message": ["data.tasks.updateTags"], "exc_module": "celery.exceptions"}','2023-01-18 21:23:50.042590',NULL,'{"children": []}',NULL,NULL,NULL,'2023-01-18 21:23:50.042517',NULL,NULL);
INSERT INTO django_celery_results_taskresult VALUES(223,'ea41b36e-2ce0-462b-9f91-5576cbdaf069','FAILURE','application/json','utf-8','{"exc_type": "NotRegistered", "exc_message": ["data.tasks.updateTags"], "exc_module": "celery.exceptions"}','2023-01-18 21:23:52.044639',NULL,'{"children": []}',NULL,NULL,NULL,'2023-01-18 21:23:52.044554',NULL,NULL);
INSERT INTO django_celery_results_taskresult VALUES(224,'9d0eefda-4cc9-45db-982a-30e4727b0c1b','FAILURE','application/json','utf-8','{"exc_type": "OperationalError", "exc_message": ["database is locked"], "exc_module": "django.db.utils"}','2023-01-18 21:23:52.065393',NULL,'{"children": []}',NULL,NULL,NULL,'2023-01-18 21:23:52.065320',NULL,NULL);
INSERT INTO django_celery_results_taskresult VALUES(225,'509a7a39-40f4-4abd-8329-54404408ff17','SUCCESS','application/json','utf-8','null','2023-01-18 21:23:52.891084',NULL,'{"children": []}',NULL,NULL,NULL,'2023-01-18 21:23:52.891038',NULL,NULL);
INSERT INTO django_celery_results_taskresult VALUES(226,'316cc75b-5327-4073-9da3-e6bc3af18c49','FAILURE','application/json','utf-8','{"exc_type": "NotRegistered", "exc_message": ["data.tasks.updateTags"], "exc_module": "celery.exceptions"}','2023-01-18 21:23:54.044667',NULL,'{"children": []}',NULL,NULL,NULL,'2023-01-18 21:23:54.044600',NULL,NULL);
INSERT INTO django_celery_results_taskresult VALUES(227,'72d3a719-b2d9-4682-a6b2-950e8368086d','SUCCESS','application/json','utf-8','null','2023-01-18 21:23:55.111620',NULL,'{"children": []}',NULL,NULL,NULL,'2023-01-18 21:23:55.111574',NULL,NULL);
INSERT INTO django_celery_results_taskresult VALUES(228,'647b438d-6fbf-4d84-91f9-691038b2d508','FAILURE','application/json','utf-8','{"exc_type": "NotRegistered", "exc_message": ["data.tasks.updateTags"], "exc_module": "celery.exceptions"}','2023-01-18 21:23:56.073346',NULL,'{"children": []}',NULL,NULL,NULL,'2023-01-18 21:23:56.073278',NULL,NULL);
INSERT INTO django_celery_results_taskresult VALUES(229,'c7677c91-0b67-4ce4-87c1-4becbd22c822','FAILURE','application/json','utf-8','{"exc_type": "NotRegistered", "exc_message": ["data.tasks.updateTags"], "exc_module": "celery.exceptions"}','2023-01-18 21:23:58.075976',NULL,'{"children": []}',NULL,NULL,NULL,'2023-01-18 21:23:58.075910',NULL,NULL);
INSERT INTO django_celery_results_taskresult VALUES(230,'ce3f0fd2-c206-47fc-8479-a0f3ac5ac4b3','FAILURE','application/json','utf-8','{"exc_type": "NotRegistered", "exc_message": ["data.tasks.updateTags"], "exc_module": "celery.exceptions"}','2023-01-18 21:24:00.076544',NULL,'{"children": []}',NULL,NULL,NULL,'2023-01-18 21:24:00.076499',NULL,NULL);
INSERT INTO django_celery_results_taskresult VALUES(231,'a2542f25-39c1-40c4-9b81-d35674f7605e','FAILURE','application/json','utf-8','{"exc_type": "NotRegistered", "exc_message": ["data.tasks.updateTags"], "exc_module": "celery.exceptions"}','2023-01-18 21:24:02.078288',NULL,'{"children": []}',NULL,NULL,NULL,'2023-01-18 21:24:02.078243',NULL,NULL);
INSERT INTO django_celery_results_taskresult VALUES(232,'18225ea5-1112-41a3-9a21-9b63023d266c','FAILURE','application/json','utf-8','{"exc_type": "NotRegistered", "exc_message": ["data.tasks.updateTags"], "exc_module": "celery.exceptions"}','2023-01-18 21:24:04.078844',NULL,'{"children": []}',NULL,NULL,NULL,'2023-01-18 21:24:04.078775',NULL,NULL);
INSERT INTO django_celery_results_taskresult VALUES(233,'e0802755-f3ed-4859-aa2f-68b445287b57','FAILURE','application/json','utf-8','{"exc_type": "NotRegistered", "exc_message": ["data.tasks.updateTags"], "exc_module": "celery.exceptions"}','2023-01-18 21:24:06.078642',NULL,'{"children": []}',NULL,NULL,NULL,'2023-01-18 21:24:06.078597',NULL,NULL);
INSERT INTO django_celery_results_taskresult VALUES(234,'241f7b00-be82-4b1b-9876-81d261736dd1','FAILURE','application/json','utf-8','{"exc_type": "NotRegistered", "exc_message": ["data.tasks.updateTags"], "exc_module": "celery.exceptions"}','2023-01-18 21:24:08.079761',NULL,'{"children": []}',NULL,NULL,NULL,'2023-01-18 21:24:08.079714',NULL,NULL);
INSERT INTO django_celery_results_taskresult VALUES(235,'0dd68943-0fad-4c85-ab31-c3039d0306f6','FAILURE','application/json','utf-8','{"exc_type": "NotRegistered", "exc_message": ["data.tasks.updateTags"], "exc_module": "celery.exceptions"}','2023-01-18 21:24:10.080740',NULL,'{"children": []}',NULL,NULL,NULL,'2023-01-18 21:24:10.080699',NULL,NULL);
INSERT INTO django_celery_results_taskresult VALUES(236,'81c80e90-b7fc-4421-a84f-83924ee4f3ca','FAILURE','application/json','utf-8','{"exc_type": "NotRegistered", "exc_message": ["data.tasks.updateTags"], "exc_module": "celery.exceptions"}','2023-01-18 21:24:12.081842',NULL,'{"children": []}',NULL,NULL,NULL,'2023-01-18 21:24:12.081797',NULL,NULL);
INSERT INTO django_celery_results_taskresult VALUES(237,'34e8a303-fc92-4a9d-9f79-640bddfd5020','FAILURE','application/json','utf-8','{"exc_type": "NotRegistered", "exc_message": ["data.tasks.updateTags"], "exc_module": "celery.exceptions"}','2023-01-18 21:24:14.084563',NULL,'{"children": []}',NULL,NULL,NULL,'2023-01-18 21:24:14.084489',NULL,NULL);
INSERT INTO django_celery_results_taskresult VALUES(238,'63306e8e-d0cd-4f99-a135-059240a5943c','SUCCESS','application/json','utf-8','null','2023-01-18 21:28:32.375356',NULL,'{"children": []}',NULL,NULL,NULL,'2023-01-18 21:28:32.375281',NULL,NULL);
INSERT INTO django_celery_results_taskresult VALUES(239,'a6149e20-9045-4f68-b4ac-7ee31c8fba56','SUCCESS','application/json','utf-8','null','2023-01-18 21:28:33.160993',NULL,'{"children": []}',NULL,NULL,NULL,'2023-01-18 21:28:33.160948',NULL,NULL);
INSERT INTO django_celery_results_taskresult VALUES(240,'b4ba540c-668b-4e6a-82bc-efe19c119824','SUCCESS','application/json','utf-8','null','2023-01-18 21:28:36.238069',NULL,'{"children": []}',NULL,NULL,NULL,'2023-01-18 21:28:36.238028',NULL,NULL);
INSERT INTO django_celery_results_taskresult VALUES(241,'61cdaa28-ea4a-4662-bfc9-64332939b2a0','SUCCESS','application/json','utf-8','null','2023-01-18 21:28:38.181739',NULL,'{"children": []}',NULL,NULL,NULL,'2023-01-18 21:28:38.181698',NULL,NULL);
INSERT INTO django_celery_results_taskresult VALUES(242,'11a36099-f2a8-4d2b-b18e-60090a62a4ce','SUCCESS','application/json','utf-8','null','2023-01-18 21:28:39.147538',NULL,'{"children": []}',NULL,NULL,NULL,'2023-01-18 21:28:39.147490',NULL,NULL);
INSERT INTO django_celery_results_taskresult VALUES(243,'ca3d6708-6295-454e-a211-6c571b019ac7','SUCCESS','application/json','utf-8','null','2023-01-18 21:28:41.254785',NULL,'{"children": []}',NULL,NULL,NULL,'2023-01-18 21:28:41.254740',NULL,NULL);
INSERT INTO django_celery_results_taskresult VALUES(244,'9e73ecd3-0c42-47b5-96a1-15ed69a1fc39','SUCCESS','application/json','utf-8','null','2023-01-18 21:28:43.297420',NULL,'{"children": []}',NULL,NULL,NULL,'2023-01-18 21:28:43.297366',NULL,NULL);
INSERT INTO django_celery_results_taskresult VALUES(245,'fe5080e7-0f45-469f-afec-f3ca06ee5bfc','SUCCESS','application/json','utf-8','null','2023-01-18 21:28:45.144931',NULL,'{"children": []}',NULL,NULL,NULL,'2023-01-18 21:28:45.144886',NULL,NULL);
INSERT INTO django_celery_results_taskresult VALUES(246,'1cc58446-5833-4731-b39c-a6715b7844e0','SUCCESS','application/json','utf-8','null','2023-01-18 21:28:47.359292',NULL,'{"children": []}',NULL,NULL,NULL,'2023-01-18 21:28:47.359232',NULL,NULL);
INSERT INTO django_celery_results_taskresult VALUES(247,'10f33584-7151-4888-8d21-835668a42cb0','SUCCESS','application/json','utf-8','null','2023-01-18 21:28:49.411271',NULL,'{"children": []}',NULL,NULL,NULL,'2023-01-18 21:28:49.411224',NULL,NULL);
INSERT INTO django_celery_results_taskresult VALUES(248,'e62f2010-6396-4f07-a737-5cc0005340af','SUCCESS','application/json','utf-8','null','2023-01-18 21:28:51.493270',NULL,'{"children": []}',NULL,NULL,NULL,'2023-01-18 21:28:51.493224',NULL,NULL);
INSERT INTO django_celery_results_taskresult VALUES(249,'e961be0f-0eb0-452f-bcc4-2542bdf46d38','SUCCESS','application/json','utf-8','null','2023-01-24 17:59:16.550298',NULL,'{"children": []}',NULL,NULL,NULL,'2023-01-24 17:59:16.550237',NULL,NULL);
INSERT INTO django_celery_results_taskresult VALUES(250,'36a6c1f2-6716-45cc-b04a-5e3904530cc0','SUCCESS','application/json','utf-8','null','2023-01-25 18:08:24.208014',NULL,'{"children": []}',NULL,NULL,NULL,'2023-01-25 18:08:24.207949',NULL,NULL);
CREATE TABLE IF NOT EXISTS "data_tguser" ("id" integer NOT NULL PRIMARY KEY AUTOINCREMENT, "tg_id" integer NOT NULL, "username" varchar(255) NOT NULL, "first_name" varchar(255) NOT NULL, "native_language_code" varchar(2) NOT NULL, "language_code" varchar(2) NULL, "currency" varchar(3) NULL, "is_bot" bool NOT NULL, "is_admin" bool NOT NULL, "is_active" bool NOT NULL, "chat_id" integer NULL);
INSERT INTO data_tguser VALUES(1,357585845,'gera_di','Diana','en','en',NULL,0,1,1,357585845);
INSERT INTO data_tguser VALUES(2,618756254,'Levan7789','Levan','ru','ru','USD',0,0,1,NULL);
INSERT INTO data_tguser VALUES(3,668909849,'Ninosha','Ninosha👩‍⚕️🇺🇦🇬🇪','ru','ru','ALL',0,0,1,NULL);
CREATE TABLE IF NOT EXISTS "data_paymentmethod" ("id" integer NOT NULL PRIMARY KEY AUTOINCREMENT, "name" varchar(255) NOT NULL, "display_name" varchar(255) NOT NULL, "description" text NULL, "api_key_conf" varchar(128) NULL, "is_active" bool NOT NULL, "secret_key_conf" varchar(128) NULL);
INSERT INTO data_paymentmethod VALUES(1,'PayPal','PayPal','','TEST_PAYPAL_API_KEY',1,NULL);
INSERT INTO data_paymentmethod VALUES(2,'Binance','Crypto','','TEST_BINANCE_API_KEY',1,NULL);
CREATE TABLE IF NOT EXISTS "data_currencydetail" ("id" integer NOT NULL PRIMARY KEY AUTOINCREMENT, "country" varchar(128) NULL, "type" varchar(50) NOT NULL, "code" varchar(10) NOT NULL UNIQUE);
INSERT INTO data_currencydetail VALUES(285,'United States','fiat','USD');
INSERT INTO data_currencydetail VALUES(286,'Canada','fiat','CAD');
INSERT INTO data_currencydetail VALUES(287,'Australia','fiat','AUD');
INSERT INTO data_currencydetail VALUES(288,'Europe','fiat','EUR');
INSERT INTO data_currencydetail VALUES(289,'United Arab Emirates','fiat','AED');
INSERT INTO data_currencydetail VALUES(290,'United Kingdom','fiat','GBP');
INSERT INTO data_currencydetail VALUES(291,NULL,'crypto','BTC');
INSERT INTO data_currencydetail VALUES(292,NULL,'crypto','ETH');
CREATE TABLE IF NOT EXISTS "data_paymentaddress" ("id" integer NOT NULL PRIMARY KEY AUTOINCREMENT, "name" varchar(510) NOT NULL, "address" varchar(255) NOT NULL, "is_active" bool NOT NULL, "payment_method_id" bigint NULL REFERENCES "data_paymentmethod" ("id") DEFERRABLE INITIALLY DEFERRED, "network" varchar(255) NULL);
INSERT INTO data_paymentaddress VALUES(1,'BTC','1MnD5kqF3uLdrZmHgivyWAuVQuNWHCkd5q',1,2,'BTC');
INSERT INTO data_paymentaddress VALUES(2,'ETH','0xc14ae9a1846fcc7a6c3d9f0008bd9580820dc0a3',1,2,'ERC20');
INSERT INTO data_paymentaddress VALUES(3,'PayPal','test@gmail.com',1,1,NULL);
CREATE TABLE IF NOT EXISTS "data_giftorder" ("id" char(32) NOT NULL UNIQUE, "discount" real NOT NULL, "amount" integer NOT NULL, "offer_id" bigint NULL REFERENCES "data_offer" ("id") DEFERRABLE INITIALLY DEFERRED, "tg_user_id" bigint NOT NULL REFERENCES "data_tguser" ("id") DEFERRABLE INITIALLY DEFERRED, "created_at" datetime NOT NULL, "price" real NULL, "callback_id" integer NOT NULL PRIMARY KEY AUTOINCREMENT, "TxID" varchar(255) NULL, "payment_status_id" bigint NULL REFERENCES "data_paymentstatus" ("id") DEFERRABLE INITIALLY DEFERRED, "payment_address_id" bigint NULL REFERENCES "data_paymentaddress" ("id") DEFERRABLE INITIALLY DEFERRED, "gift_code" varchar(255) NULL);
CREATE TABLE IF NOT EXISTS "data_paymentstatus" ("id" integer NOT NULL PRIMARY KEY AUTOINCREMENT, "description" text NULL, "ru_name" varchar(128) NOT NULL, "name" varchar(128) NOT NULL UNIQUE);
INSERT INTO data_paymentstatus VALUES(1,'','Открытый','Open');
INSERT INTO data_paymentstatus VALUES(2,'','В ожидании','Pending');
INSERT INTO data_paymentstatus VALUES(3,'','Платеж получен','Payment Received');
INSERT INTO data_paymentstatus VALUES(4,'','В обработке','Processing');
INSERT INTO data_paymentstatus VALUES(5,'','Завершено','Completed');
CREATE TABLE IF NOT EXISTS "data_payment" ("id" integer NOT NULL PRIMARY KEY AUTOINCREMENT, "amount" real NOT NULL, "payment_id" integer NULL REFERENCES "data_giftorder" ("callback_id") DEFERRABLE INITIALLY DEFERRED, "tg_user_id" bigint NULL REFERENCES "data_tguser" ("id") DEFERRABLE INITIALLY DEFERRED, "TxID" varchar(255) NULL, "_type" varchar(255) NOT NULL, "bc_id" varchar(255) NULL, "insert_time" varchar(255) NOT NULL, "status" bool NULL, "payment_address_id" bigint NULL REFERENCES "data_paymentaddress" ("id") DEFERRABLE INITIALLY DEFERRED, "currency" varchar(255) NULL, "fiat_amount" real NULL);
CREATE TABLE IF NOT EXISTS "data_offer" ("id" integer NOT NULL PRIMARY KEY AUTOINCREMENT, "px_id" varchar(255) NOT NULL, "sell_cur" varchar(128) NOT NULL, "buy_cur" varchar(128) NOT NULL, "margin" real NOT NULL, "price_per_cur" real NOT NULL, "require_verified_id" bool NOT NULL, "payment_method_label" varchar(255) NOT NULL, "username" varchar(255) NOT NULL, "score" real NOT NULL, "last_seen" varchar(255) NOT NULL, "average_trade_speed" varchar(255) NOT NULL, "user_timezone" varchar(255) NOT NULL, "offer_type" varchar(128) NOT NULL, "category_id" bigint NOT NULL REFERENCES "data_category" ("id") DEFERRABLE INITIALLY DEFERRED, "offer_detail_id" bigint NOT NULL UNIQUE REFERENCES "data_offerdetail" ("id") DEFERRABLE INITIALLY DEFERRED, "subcategory_id" bigint NOT NULL REFERENCES "data_subcategory" ("id") DEFERRABLE INITIALLY DEFERRED, "description" text NULL, "warranty" varchar(255) NULL, "currency_ditail_id" bigint NULL REFERENCES "data_currencydetail" ("id") DEFERRABLE INITIALLY DEFERRED, "created_at" datetime NOT NULL, "is_active" bool NOT NULL);
INSERT INTO data_offer VALUES(356,'UNhgsH8caHb','USDT','USD',15.0,1.1499999999999999111,0,'SAFE - RELIABLE - USA','ROYALxGIFTS',0.11499999999999999111,'Online',' 8 min','Europe/Helsinki','buy',3,89,32,replace('WELCOME! THIS OFFER IS FOR ITUNES GIFT CARD (US). PLEASE READ ALL THE INFORMATION BELOW BEFORE STARTING A TRADE!\n\nI. IMPORTANT INFORMATION:\n1. Warranty period (usage time): Redeem on your account (unlimited after redeeming)\n2. Region restriction: US only\n3. Denominations: $10 - $150\n4. Read more (FAQ): https://support.apple.com/en-lamr/HT201209\n\nII. OFFER&#039;S TERMS:\n1. We check each card for the correct balance and validity before sending. Sometimes it may take some time. Please wait patiently;\n2. Before purchasing, you must make sure that the gift cards will work in your country/on your account. We are not responsible for any problems on your side;\n3. If for any reason you are unable to use received gift cards, we will only be able to cancel the trade after we sell them to someone else. In other cases, we have the right not to cancel it;\n4. You must use your gift cards within the specified warranty period. We cannot guarantee that they will be valid for a longer time if you decide to store them.\n\nBY OPENING A TRADE YOU AGREE TO THESE TERMS!\n\nIII. NOTES:\n1. We will definitely leave you a positive feedback after trade is completed. We will be grateful if you do the same. Our reputation is incredibly important to us and we appreciate every feedback!\n2. Don&#039;t forget to add us to the trusted list by clicking on &quot;Add to contacts&quot; to make more profitable and fair deals in the future!\n3. We are looking for reliable partners for honest, long-term and mutually beneficial cooperation. Please contact us if you have any business suggestions/offers.\n======================================================================\nv1.21 / Last update: 15/09/2021 || COPYING THE TEXT IS FORBIDDEN! © ROYALxGIFTS','\n',char(10)),NULL,285,'2023-01-18 11:58:18.412718',1);
INSERT INTO data_offer VALUES(365,'1HTrkCppvkg','USDT','USD',20.0,1.1999999999999999555,0,'Trusted ','Layoka',0.11999999999999999555,'Online',' 23 min','Africa/Lagos','buy',9,103,91,'Say hi, wait me reply ',NULL,285,'2023-01-18 11:58:18.412718',1);
INSERT INTO data_offer VALUES(369,'3yrw3dJ5Mnu','BTC','USD',81.000000000000000003,1.8100000000000000532,0,'SAFE - E-GIFTS - USA','ROYALxGIFTS',0.40847370000000005063,'Online',' 24 min','Europe/Helsinki','buy',1,4,3,replace('WELCOME! THIS OFFER IS FOR SUBWAY GIFT CARD (US). PLEASE READ ALL THE INFORMATION BELOW BEFORE STARTING A TRADE!\n\nI. IMPORTANT INFORMATION:\n1. Warranty period (usage time): 5 days\n2. Region restriction: US only\n3. Denominations: from $10 to $128\n4. Read more (FAQ): https://www.subway.com/en-CA/SubwayCard/CardFAQs\n\nII. OFFER&#039;S TERMS:\n1. We check each card for the correct balance and validity before sending. Sometimes it may take some time. Please wait patiently;\n2. Before purchasing, you must make sure that the gift cards will work in your country/on your account. We are not responsible for any problems on your side;\n3. If for any reason you are unable to use received gift cards, we will only be able to cancel the trade after we sell them to someone else. In other cases, we have the right not to cancel it;\n4. You must use your gift cards within the specified warranty period. We cannot guarantee that they will be valid for a longer time if you decide to store them.\n\nBY OPENING A TRADE YOU AGREE TO THESE TERMS!\n\nIII. NOTES:\n1. We will definitely leave you a positive feedback after trade is completed. We will be grateful if you do the same. Our reputation is incredibly important to us and we appreciate every feedback!\n2. Don&#039;t forget to add us to the trusted list by clicking on &quot;Add to contacts&quot; to make more profitable and fair deals in the future!\n3. We are looking for reliable partners for honest, long-term and mutually beneficial cooperation. Please contact us if you have any business suggestions/offers.\n======================================================================\nv1.21 / Last update: 15/09/2021 || COPYING THE TEXT IS FORBIDDEN! © ROYALxGIFTS','\n',char(10)),'5 days',285,'2023-01-18 11:58:18.412718',1);
INSERT INTO data_offer VALUES(371,'gLWoJAmicpb','BTC','USD',65.999999999999999999,1.65999999999999992,0,'SAFE - USA','ROYALxGIFTS',0.37462230000000001917,'Online',' 16 min','Europe/Helsinki','buy',6,5,67,replace('WELCOME! THIS OFFER IS FOR SOUTHWEST AIRLINES GIFT CARD (US). PLEASE READ ALL THE INFORMATION BELOW BEFORE STARTING A TRADE!\n\nI. IMPORTANT INFORMATION:\n1. Warranty period (usage time): 3 days\n2. Region restriction: US only\n3. Denominations: $10 - $500 \n4. Read more (FAQ): https://www.southwest.com/faq/southwestgiftcard\n\nII. OFFER&#039;S TERMS:\n1. We check each card for the correct balance and validity before sending. Sometimes it may take some time. Please wait patiently;\n2. Before purchasing, you must make sure that the gift cards will work in your country/on your account. We are not responsible for any problems on your side;\n3. If for any reason you are unable to use received gift cards, we will only be able to cancel the trade after we sell them to someone else. In other cases, we have the right not to cancel it;\n4. You must use your gift cards within the specified warranty period. We cannot guarantee that they will be valid for a longer time if you decide to store them.\n\nBY OPENING A TRADE YOU AGREE TO THESE TERMS!\n\nIII. NOTES:\n1. We will definitely leave you a positive feedback after trade is completed. We will be grateful if you do the same. Our reputation is incredibly important to us and we appreciate every feedback!\n2. Don&#039;t forget to add us to the trusted list by clicking on &quot;Add to contacts&quot; to make more profitable and fair deals in the future!\n3. We are looking for reliable partners for honest, long-term and mutually beneficial cooperation. Please contact us if you have any business suggestions/offers.\n\n===\n © ROYALxGIFTS','\n',char(10)),'3 days',285,'2023-01-18 11:58:18.412718',1);
INSERT INTO data_offer VALUES(372,'BdTfX8toL7w','BTC','USD',65.999999999999999999,1.65999999999999992,0,'SAFE - E-GIFTS - USA','ROYALxGIFTS',0.37462230000000001917,'Online',' 16 min','Europe/Helsinki','buy',1,107,1,replace('WELCOME! THIS OFFER IS FOR IHOP (US). PLEASE READ ALL THE INFORMATION BELOW BEFORE STARTING A TRADE!\n\nI. IMPORTANT INFORMATION:\n1. Warranty period (usage time): 7 days\n2. Region restriction: US only\n3. Denominations: differently ($10-$100 usually) \n\nII. OFFER&#039;S TERMS:\n1. We check each card for the correct balance and validity before sending. Sometimes it may take some time. Please wait patiently;\n2. Before purchasing, you must make sure that the gift cards will work in your country/on your account. We are not responsible for any problems on your side;\n3. If for any reason you are unable to use received gift cards, we will only be able to cancel the trade after we sell them to someone else. In other cases, we have the right not to cancel it;\n4. You must use your gift cards within the specified warranty period. We cannot guarantee that they will be valid for a longer time if you decide to store them.\n\nBY OPENING A TRADE YOU AGREE TO THESE TERMS!\n\nIII. NOTES:\n1. We will definitely leave you a positive feedback after trade is completed. We will be grateful if you do the same. Our reputation is incredibly important to us and we appreciate every feedback!\n2. Don&#039;t forget to add us to the trusted list by clicking on &quot;&quot;Add to contacts&quot;&quot; to make more profitable and fair deals in the future!\n3. We are looking for reliable partners for honest, long-term and mutually beneficial cooperation. Please contact us if you have any business suggestions/offers.\n======================================================================\nv1.21 / Last update: 15/09/2021 || COPYING THE TEXT IS FORBIDDEN! © ROYALxGIFTS&quot;','\n',char(10)),'7 days',285,'2023-01-18 11:58:18.412718',1);
INSERT INTO data_offer VALUES(373,'mL695MzVSx3','BTC','USD',65.999999999999999999,1.65999999999999992,0,'SAFE - E-GIFTS - USA','ROYALxGIFTS',0.37462230000000001917,'Online',' 19 min','Europe/Helsinki','buy',1,108,11,replace('WELCOME! THIS OFFER IS FOR APPLEBEE&#039;S RESTAURANT GIFT CARD (US). PLEASE READ ALL THE INFORMATION BELOW BEFORE STARTING A TRADE!\n\nI. IMPORTANT INFORMATION:\n1. Warranty period (usage time): 5 days\n2. Region restriction: US only\n3. Denominations: differently\n4. Read more (FAQ): https://www.applebees.com/en/faq\n\nII. OFFER&#039;S TERMS:\n1. We check each card for the correct balance and validity before sending. Sometimes it may take some time. Please wait patiently;\n2. Before purchasing, you must make sure that the gift cards will work in your country/on your account. We are not responsible for any problems on your side;\n3. If for any reason you are unable to use received gift cards, we will only be able to cancel the trade after we sell them to someone else. In other cases, we have the right not to cancel it;\n4. You must use your gift cards within the specified warranty period. We cannot guarantee that they will be valid for a longer time if you decide to store them.\n\nBY OPENING A TRADE YOU AGREE TO THESE TERMS!\n\nIII. NOTES:\n1. We will definitely leave you a positive feedback after trade is completed. We will be grateful if you do the same. Our reputation is incredibly important to us and we appreciate every feedback!\n2. Don&#039;t forget to add us to the trusted list by clicking on &quot;Add to contacts&quot; to make more profitable and fair deals in the future!\n3. We are looking for reliable partners for honest, long-term and mutually beneficial cooperation. Please contact us if you have any business suggestions/offers.\n======================================================================\nv1.21 / Last update: 15/09/2021 || COPYING THE TEXT IS FORBIDDEN! © ROYALxGIFTS','\n',char(10)),'5 days',285,'2023-01-18 11:58:18.412718',1);
INSERT INTO data_offer VALUES(374,'HsDxNNtS9YR','BTC','USD',54.0,1.5400000000000000355,0,'SAFE - RELIBALE - USA','ROYALxGIFTS',0.34754120000000005008,'Online',' 10 min','Europe/Helsinki','buy',3,7,35,replace('WELCOME! THIS OFFER IS FOR BARNES &amp; NOBLE GIFT CARD (US). PLEASE READ ALL THE INFORMATION BELOW BEFORE STARTING A TRADE!\n\nI. IMPORTANT INFORMATION:\n1. Warranty period (usage time): 48 hours\n2. Region restriction: US only\n3. Denominations: from $10 to $150 \n\nII. OFFER&#039;S TERMS:\n1. We check each card for the correct balance and validity before sending. Sometimes it may take some time. Please wait patiently;\n2. Before purchasing, you must make sure that the gift cards will work in your country/on your account. We are not responsible for any problems on your side;\n3. If for any reason you are unable to use received gift cards, we will only be able to cancel the trade after we sell them to someone else. In other cases, we have the right not to cancel it;\n4. You must use your gift cards within the specified warranty period. We cannot guarantee that they will be valid for a longer time if you decide to store them.\n\nBY OPENING A TRADE YOU AGREE TO THESE TERMS!\n\nIII. NOTES:\n1. We will definitely leave you a positive feedback after trade is completed. We will be grateful if you do the same. Our reputation is incredibly important to us and we appreciate every feedback!\n2. Don&#039;t forget to add us to the trusted list by clicking on &quot;Add to contacts&quot; to make more profitable and fair deals in the future!\n3. We are looking for reliable partners for honest, long-term and mutually beneficial cooperation. Please contact us if you have any business suggestions/offers.\n======================================================================\nv1.21 / Last update: 15/09/2021 || COPYING THE TEXT IS FORBIDDEN! © ROYALxGIFTS','\n',char(10)),'48 hours',285,'2023-01-18 11:58:18.412718',1);
INSERT INTO data_offer VALUES(375,'8RJANg6Jihv','BTC','USD',45.0,1.4499999999999999555,0,'Go Shop Gift card','Kamy1990',0.32723029999999997396,'Seen 26 minutes ago','','Asia/Kolkata','buy',11,109,122,replace('1. Open the transaction.\n2. Say hello to me and wait for my reply.\n3. Go Shop gift card can be used in Macy,Lowes, Bed Bath &amp; Beyond, Ulta American eagles, and Aerie Stores locations (not online)\n','\n',char(10)),NULL,285,'2023-01-18 11:58:18.412718',1);
INSERT INTO data_offer VALUES(378,'Mxdo1y2VoSb','BTC','CAD',32.999999999999999999,1.330000000000000071,0,'SAFE - E-GIFTS - CANADA','ROYALxGIFTS',0.30014920000000000488,'Online',' 13 min','Europe/Helsinki','buy',5,8,63,replace('WELCOME! THIS OFFER IS FOR BEST BUY GIFT CARD (CA). PLEASE READ ALL THE INFORMATION BELOW BEFORE STARTING A TRADE!\n\nI. IMPORTANT INFORMATION:\n1. Warranty period (usage time): 3 days\n2. Region restriction: CA only\n3. Denominations: $25 - $250 CAD\n4. Read more (FAQ): https://www.bestbuy.ca/en-ca/help/paying-and-purchasing/gift-cards-and-egift-cards\n\nII. OFFER&#039;S TERMS:\n1. We check each card for the correct balance and validity before sending. Sometimes it may take some time. Please wait patiently;\n2. Before purchasing, you must make sure that the gift cards will work in your country/on your account. We are not responsible for any problems on your side;\n3. If for any reason you are unable to use received gift cards, we will only be able to cancel the trade after we sell them to someone else. In other cases, we have the right not to cancel it;\n4. You must use your gift cards within the specified warranty period. We cannot guarantee that they will be valid for a longer time if you decide to store them.\n\nBY OPENING A TRADE YOU AGREE TO THESE TERMS!\n\nIII. NOTES:\n1. We will definitely leave you a positive feedback after trade is completed. We will be grateful if you do the same. Our reputation is incredibly important to us and we appreciate every feedback!\n2. Don&#039;t forget to add us to the trusted list by clicking on &quot;Add to contacts&quot; to make more profitable and fair deals in the future!\n3. We are looking for reliable partners for honest, long-term and mutually beneficial cooperation. Please contact us if you have any business suggestions/offers.\n======================================================================\nv1.21 / Last update: 15/09/2021 || COPYING THE TEXT IS FORBIDDEN! © ROYALxGIFTS','\n',char(10)),'3 days',286,'2023-01-18 11:58:18.412718',1);
INSERT INTO data_offer VALUES(380,'gpFRjMi4SiL','BTC','USD',32.999999999999999999,1.330000000000000071,0,'SAFE - RELIABLE - USA','ROYALxGIFTS',0.30014920000000000488,'Online',' 23 min','Europe/Helsinki','buy',9,10,96,replace('WELCOME! THIS OFFER IS FOR IKEA GIFT CARD (US). PLEASE READ ALL THE INFORMATION BELOW BEFORE STARTING A TRADE!\n\nI. IMPORTANT INFORMATION:\n1. Warranty period (usage time): 5 days\n2. Region restriction: US only\n3. Denominations: $1000x1\n\nII. OFFER&#039;S TERMS:\n1. We check each card for the correct balance and validity before sending. Sometimes it may take some time. Please wait patiently;\n2. Before purchasing, you must make sure that the gift cards will work in your country/on your account. We are not responsible for any problems on your side;\n3. If for any reason you are unable to use received gift cards, we will only be able to cancel the trade after we sell them to someone else. In other cases, we have the right not to cancel it;\n4. You must use your gift cards within the specified warranty period. We cannot guarantee that they will be valid for a longer time if you decide to store them.\n\nBY OPENING A TRADE YOU AGREE TO THESE TERMS!\n\nIII. NOTES:\n1. We will definitely leave you a positive feedback after trade is completed. We will be grateful if you do the same. Our reputation is incredibly important to us and we appreciate every feedback!\n2. Don&#039;t forget to add us to the trusted list by clicking on &quot;Add to contacts&quot; to make more profitable and fair deals in the future!\n3. We are looking for reliable partners for honest, long-term and mutually beneficial cooperation. Please contact us if you have any business suggestions/offers.\n======================================================================\nv1.21 / Last update: 15/09/2021 || COPYING THE TEXT IS FORBIDDEN! © ROYALxGIFTS','\n',char(10)),'5 days',285,'2023-01-18 11:58:18.412718',1);
INSERT INTO data_offer VALUES(382,'eMGg9NfcN1g','BTC','GBP',32.999999999999999999,1.330000000000000071,0,'SAFE - E-GIFTS - UK','ROYALxGIFTS',0.30014920000000000488,'Online','','Europe/Helsinki','buy',6,114,70,replace('WELCOME! THIS OFFER IS FOR AIRBNB GIFT CARD (UK). PLEASE READ ALL THE INFORMATION BELOW BEFORE STARTING A TRADE!\n\nI. IMPORTANT INFORMATION:\n1. Warranty period (usage time): Redeem on your account (unlimited after redeeming)\n2. Region restriction: UK only\n3. Denominations: 1x£400\n4. Read more (FAQ): https://www.airbnb.com/help/article/981/how-do-airbnb-gift-cards-work\n\nII. OFFER&#039;S TERMS:\n1. We check each card for the correct balance and validity before sending. Sometimes it may take some time. Please wait patiently;\n2. Before purchasing, you must make sure that the gift cards will work in your country/on your account. We are not responsible for any problems on your side;\n3. If for any reason you are unable to use received gift cards, we will only be able to cancel the trade after we sell them to someone else. In other cases, we have the right not to cancel it;\n4. You must use your gift cards within the specified warranty period. We cannot guarantee that they will be valid for a longer time if you decide to store them.\n\nBY OPENING A TRADE YOU AGREE TO THESE TERMS!\n\nIII. NOTES:\n1. We will definitely leave you a positive feedback after trade is completed. We will be grateful if you do the same. Our reputation is incredibly important to us and we appreciate every feedback!\n2. Don&#039;t forget to add us to the trusted list by clicking on &quot;Add to contacts&quot; to make more profitable and fair deals in the future!\n3. We are looking for reliable partners for honest, long-term and mutually beneficial cooperation. Please contact us if you have any business suggestions/offers.\n','\n',char(10)),NULL,290,'2023-01-18 11:58:18.412718',1);
INSERT INTO data_offer VALUES(385,'67hCa86SAyx','BTC','USD',25.0,1.25,0,'SAFE - E-GIFTS - USA','ROYALxGIFTS',0.28209509999999998752,'Online',' 11 min','Europe/Helsinki','buy',5,116,63,replace('WELCOME! THIS OFFER IS FOR BEST BUY GIFT CARD (US). PLEASE READ ALL THE INFORMATION BELOW BEFORE STARTING A TRADE!\n\nI. IMPORTANT INFORMATION:\n1. Warranty period (usage time): 24 hours\n2. Region restriction: US only\n3. Denominations: different values\n4. Read more (FAQ): https://www.bestbuy.com/site/gift-cards/gift-card-faq/pcmcat1526048189330.c?id=pcmcat1526048189330\n\nII. OFFER&#039;S TERMS:\n1. We check each card for the correct balance and validity before sending. Sometimes it may take some time. Please wait patiently;\n2. Before purchasing, you must make sure that the gift cards will work in your country/on your account. We are not responsible for any problems on your side;\n3. If for any reason you are unable to use received gift cards, we will only be able to cancel the trade after we sell them to someone else. In other cases, we have the right not to cancel it;\n4. You must use your gift cards within the specified warranty period. We cannot guarantee that they will be valid for a longer time if you decide to store them.\n\nBY OPENING A TRADE YOU AGREE TO THESE TERMS!\n\nIII. NOTES:\n1. We will definitely leave you a positive feedback after trade is completed. We will be grateful if you do the same. Our reputation is incredibly important to us and we appreciate every feedback!\n2. Don&#039;t forget to add us to the trusted list by clicking on &quot;Add to contacts&quot; to make more profitable and fair deals in the future!\n3. We are looking for reliable partners for honest, long-term and mutually beneficial cooperation. Please contact us if you have any business suggestions/offers.\n======================================================================\nv1.21 / Last update: 15/09/2021 || COPYING THE TEXT IS FORBIDDEN! © ROYALxGIFTS','\n',char(10)),'24 hours',285,'2023-01-18 11:58:18.412718',1);
INSERT INTO data_offer VALUES(386,'2WdQFmz8g5k','BTC','USD',25.0,1.25,0,'SAFE - E-GIFTS - USA','ROYALxGIFTS',0.28209509999999998752,'Online',' 11 min','Europe/Helsinki','buy',4,14,52,replace('WELCOME! THIS OFFER IS FOR NIKE GIFT CARD (US). PLEASE READ ALL THE INFORMATION BELOW BEFORE STARTING A TRADE!\n\nI. IMPORTANT INFORMATION:\n1. Warranty period (usage time): 24 hours\n2. Region restriction: US only\n3. Denominations: differently\n4. Read more (FAQ): https://www.nike.com/help/a/giftcard-redeem\n\nII. OFFER&#039;S TERMS:\n1. We check each card for the correct balance and validity before sending. Sometimes it may take some time. Please wait patiently;\n2. Before purchasing, you must make sure that the gift cards will work in your country/on your account. We are not responsible for any problems on your side;\n3. If for any reason you are unable to use received gift cards, we will only be able to cancel the trade after we sell them to someone else. In other cases, we have the right not to cancel it;\n4. You must use your gift cards within the specified warranty period. We cannot guarantee that they will be valid for a longer time if you decide to store them.\n\nBY OPENING A TRADE YOU AGREE TO THESE TERMS!\n\nIII. NOTES:\n1. We will definitely leave you a positive feedback after trade is completed. We will be grateful if you do the same. Our reputation is incredibly important to us and we appreciate every feedback!\n2. Don&#039;t forget to add us to the trusted list by clicking on &quot;Add to contacts&quot; to make more profitable and fair deals in the future!\n3. We are looking for reliable partners for honest, long-term and mutually beneficial cooperation. Please contact us if you have any business suggestions/offers.\n======================================================================\nv1.21 / Last update: 15/09/2021 || COPYING THE TEXT IS FORBIDDEN! © ROYALxGIFTS','\n',char(10)),'24 hours',285,'2023-01-18 11:58:18.412718',1);
INSERT INTO data_offer VALUES(390,'dhEkJp66vJs','BTC','EUR',20.0,1.1999999999999999555,0,'SPAIN EURO - SAFE','ROYALxGIFTS',0.27081130000000003255,'Online',' 9 min','Europe/Helsinki','buy',3,19,32,replace('WELCOME! THIS OFFER IS FOR ITUNES GIFT CARD (EURO). PLEASE READ ALL THE INFORMATION BELOW BEFORE STARTING A TRADE!\n\nI. IMPORTANT INFORMATION:\n1. Warranty period (usage time): Redeem on your account (unlimited after redeeming)\n2. Region restriction: Spain\n3. Denominations: 10, 50\n4. Read more (FAQ): https://support.apple.com/en-lamr/HT201209\n\nII. OFFER&#039;S TERMS:\n1. We check each card for the correct balance and validity before sending. Sometimes it may take some time. Please wait patiently;\n2. Before purchasing, you must make sure that the gift cards will work in your country/on your account. We are not responsible for any problems on your side;\n3. If for any reason you are unable to use received gift cards, we will only be able to cancel the trade after we sell them to someone else. In other cases, we have the right not to cancel it;\n4. You must use your gift cards within the specified warranty period. We cannot guarantee that they will be valid for a longer time if you decide to store them.\n\nBY OPENING A TRADE YOU AGREE TO THESE TERMS!\n\nIII. NOTES:\n1. We will definitely leave you a positive feedback after trade is completed. We will be grateful if you do the same. Our reputation is incredibly important to us and we appreciate every feedback!\n2. Don&#039;t forget to add us to the trusted list by clicking on &quot;Add to contacts&quot; to make more profitable and fair deals in the future!\n3. We are looking for reliable partners for honest, long-term and mutually beneficial cooperation. Please contact us if you have any business suggestions/offers.\n======================================================================\nv1.21 / Last update: 15/09/2021 || COPYING THE TEXT IS FORBIDDEN! © ROYALxGIFTS','\n',char(10)),NULL,288,'2023-01-18 11:58:18.412718',1);
INSERT INTO data_offer VALUES(405,'WAjhUf9KM9W','BTC','USD',15.0,1.1499999999999999111,0,'SAFE - RELIABLE - USA','ROYALxGIFTS',0.25952750000000002206,'Online',' 19 min','Europe/Helsinki','buy',9,32,103,replace('WELCOME! THIS OFFER IS FOR WALMART GIFT CARD (US). PLEASE READ ALL THE INFORMATION BELOW BEFORE STARTING A TRADE!\n\nI. IMPORTANT INFORMATION:\n1. Warranty period (usage time): 24 hours\n2. Region restriction: US only\n3. Denominations: $5 - $500\n4. Read more (FAQ): https://corporate.walmart.com/frequently-asked-questions#walmart-gift-cards\n\nII. OFFER&#039;S TERMS:\n1. We check each card for the correct balance and validity before sending. Sometimes it may take some time. Please wait patiently;\n2. Before purchasing, you must make sure that the gift cards will work in your country/on your account. We are not responsible for any problems on your side;\n3. If for any reason you are unable to use received gift cards, we will only be able to cancel the trade after we sell them to someone else. In other cases, we have the right not to cancel it;\n4. You must use your gift cards within the specified warranty period. We cannot guarantee that they will be valid for a longer time if you decide to store them.\n\nBY OPENING A TRADE YOU AGREE TO THESE TERMS!\n\nIII. NOTES:\n1. We will definitely leave you a positive feedback after trade is completed. We will be grateful if you do the same. Our reputation is incredibly important to us and we appreciate every feedback!\n2. Don&#039;t forget to add us to the trusted list by clicking on &quot;Add to contacts&quot; to make more profitable and fair deals in the future!\n3. We are looking for reliable partners for honest, long-term and mutually beneficial cooperation. Please contact us if you have any business suggestions/offers.\n======================================================================\nv1.21 / Last update: 15/09/2021 || COPYING THE TEXT IS FORBIDDEN! © ROYALxGIFTS','\n',char(10)),'24 hours',285,'2023-01-18 11:58:18.412718',1);
INSERT INTO data_offer VALUES(406,'xAGeE84wZ1V','BTC','USD',15.0,1.1499999999999999111,0,'Highest Rated Trader','marxsmith',0.25952750000000002206,'Online',' 22 min','America/New_York','buy',6,31,65,replace(replace('Highest Rated Gift Card Trader. \r\n\r\nThis trade is for USA Hotel.com Cards','\r',char(13)),'\n',char(10)),NULL,285,'2023-01-18 11:58:18.412718',1);
INSERT INTO data_offer VALUES(413,'Hg4UFvZio93','BTC','USD',12.999999999999999999,1.1299999999999998934,0,'Old Navy Gift Card','Giftcash_',0.25501400000000001844,'Online','','America/Toronto','buy',4,41,42,NULL,NULL,285,'2023-01-18 11:58:18.412718',1);
INSERT INTO data_offer VALUES(415,'zsfGajmW1aM','BTC','USD',12.0,1.1200000000000001065,0,'Cabela''s Gift Card','Giftcash_',0.25275720000000001519,'Online','','America/Toronto','buy',4,45,55,NULL,NULL,285,'2023-01-18 11:58:18.412718',1);
INSERT INTO data_offer VALUES(418,'T9h59wQCCWA','BTC','USD',11.0,1.1100000000000000976,0,'AUTO-TRADE 24-7 - GLOBAL','ROYALxGIFTS',0.25050050000000001482,'Online',' 1 min','Europe/Helsinki','buy',2,48,24,NULL,NULL,285,'2023-01-18 11:58:18.412718',1);
INSERT INTO data_offer VALUES(419,'9CQFWTYLYup','BTC','USD',15.0,1.1499999999999999111,0,'SAFE - RELIABLE - USA','ROYALxGIFTS',0.25952750000000002206,'Online',' 5 min','Europe/Helsinki','buy',3,39,32,replace('WELCOME! THIS OFFER IS FOR ITUNES GIFT CARD (US). PLEASE READ ALL THE INFORMATION BELOW BEFORE STARTING A TRADE!\n\nI. IMPORTANT INFORMATION:\n1. Warranty period (usage time): Redeem on your account (unlimited after redeeming)\n2. Region restriction: US only\n3. Denominations: $10 - $500\n4. Read more (FAQ): https://support.apple.com/en-lamr/HT201209\n\nII. OFFER&#039;S TERMS:\n1. We check each card for the correct balance and validity before sending. Sometimes it may take some time. Please wait patiently;\n2. Before purchasing, you must make sure that the gift cards will work in your country/on your account. We are not responsible for any problems on your side;\n3. If for any reason you are unable to use received gift cards, we will only be able to cancel the trade after we sell them to someone else. In other cases, we have the right not to cancel it;\n4. You must use your gift cards within the specified warranty period. We cannot guarantee that they will be valid for a longer time if you decide to store them.\n\nBY OPENING A TRADE YOU AGREE TO THESE TERMS!\n\nIII. NOTES:\n1. We will definitely leave you a positive feedback after trade is completed. We will be grateful if you do the same. Our reputation is incredibly important to us and we appreciate every feedback!\n2. Don&#039;t forget to add us to the trusted list by clicking on &quot;Add to contacts&quot; to make more profitable and fair deals in the future!\n3. We are looking for reliable partners for honest, long-term and mutually beneficial cooperation. Please contact us if you have any business suggestions/offers.\n======================================================================\nv1.21 / Last update: 15/09/2021 || COPYING THE TEXT IS FORBIDDEN! © ROYALxGIFTS','\n',char(10)),NULL,285,'2023-01-18 11:58:18.412718',1);
INSERT INTO data_offer VALUES(420,'wobYZwEG2Fj','BTC','USD',11.0,1.1100000000000000976,0,'STOCAKABLE CODES','Dr_Thanoth',0.25050050000000001482,'Online','','Africa/Cairo','buy',2,50,30,NULL,NULL,285,'2023-01-18 11:58:18.412718',1);
INSERT INTO data_offer VALUES(421,'KTAorAtfiCw','BTC','USD',11.0,1.1100000000000000976,0,'Razer gold usa','Dr_Thanoth',0.25050050000000001482,'Online','','Africa/Cairo','buy',2,51,24,NULL,NULL,285,'2023-01-18 11:58:18.412718',1);
INSERT INTO data_offer VALUES(431,'aqVrZrWArZk','BTC','USD',10.0,1.1000000000000000888,0,'STOCAKABLE CODES','Dr_Thanoth',0.24824369999999998381,'Online','','Africa/Cairo','buy',2,61,21,NULL,NULL,285,'2023-01-18 11:58:18.412718',1);
INSERT INTO data_offer VALUES(432,'H9kHqnUb9xx','BTC','USD',10.0,1.1000000000000000888,0,'STOCAKABLE CODES','Dr_Thanoth',0.24824369999999998381,'Online','','Africa/Cairo','buy',2,62,25,NULL,NULL,285,'2023-01-18 11:58:18.412718',1);
INSERT INTO data_offer VALUES(433,'e9Mnh9R3DCq','BTC','AED',10.0,1.1000000000000000888,0,'STOCAKABLE CODES','Dr_Thanoth',0.24824369999999998381,'Online','','Africa/Cairo','buy',2,63,25,NULL,NULL,289,'2023-01-18 11:58:18.412718',1);
INSERT INTO data_offer VALUES(434,'t3pTNsgxfFe','BTC','USD',10.0,1.1000000000000000888,0,'Gift Cards','SirTomas',0.24824369999999998381,'Online','','Europe/Amsterdam','buy',2,132,25,NULL,NULL,285,'2023-01-18 11:58:18.412718',1);
INSERT INTO data_offer VALUES(435,'zc4m2XqkNBn','BTC','USD',10.0,1.1000000000000000888,0,'Finish Line Gift Card','Giftcash_',0.24824369999999998381,'Online','','America/Toronto','buy',4,64,51,NULL,NULL,285,'2023-01-18 11:58:18.412718',1);
INSERT INTO data_offer VALUES(436,'Cwwb5ihPdaM','BTC','USD',10.0,1.1000000000000000888,0,'Highest Rated Gift Card','Dr_Thanoth',0.24824369999999998381,'Online','','Africa/Cairo','buy',3,65,38,NULL,NULL,285,'2023-01-18 11:58:18.412718',1);
INSERT INTO data_offer VALUES(437,'hqNGQoMaNSR','BTC','USD',10.0,1.1000000000000000888,1,'USA UBER Gift Card','speed4gift',0.24824369999999998381,'Online','','America/Los_Angeles','buy',6,66,74,NULL,NULL,285,'2023-01-18 11:58:18.412718',1);
INSERT INTO data_offer VALUES(443,'Wojb3JMyG27','BTC','USD',65.999999999999999999,1.65999999999999992,0,'SAFE - E-GIFTS - USA','ROYALxGIFTS',5100.374622299999828,'Online',' 24 min','Europe/Helsinki','buy',4,73,54,replace('WELCOME! THIS OFFER IS FOR FOREVER 21 GIFT CARD (US). PLEASE READ ALL THE INFORMATION BELOW BEFORE STARTING A TRADE!\n\nI. IMPORTANT INFORMATION:\n1. Warranty period (usage time): 5 days\n2. Region restriction: US only\n3. Denominations: form $6 to $150\n4. Read more (FAQ): https://www.forever21.com/us/faq/faq.html\n\nII. OFFER&#039;S TERMS:\n1. We check each card for the correct balance and validity before sending. Sometimes it may take some time. Please wait patiently;\n2. Before purchasing, you must make sure that the gift cards will work in your country/on your account. We are not responsible for any problems on your side;\n3. If for any reason you are unable to use received gift cards, we will only be able to cancel the trade after we sell them to someone else. In other cases, we have the right not to cancel it;\n4. You must use your gift cards within the specified warranty period. We cannot guarantee that they will be valid for a longer time if you decide to store them.\n\nBY OPENING A TRADE YOU AGREE TO THESE TERMS!\n\nIII. NOTES:\n1. We will definitely leave you a positive feedback after trade is completed. We will be grateful if you do the same. Our reputation is incredibly important to us and we appreciate every feedback!\n2. Don&#039;t forget to add us to the trusted list by clicking on &quot;Add to contacts&quot; to make more profitable and fair deals in the future!\n3. We are looking for reliable partners for honest, long-term and mutually beneficial cooperation. Please contact us if you have any business suggestions/offers.\n======================================================================\nv1.21 / Last update: 15/09/2021 || COPYING THE TEXT IS FORBIDDEN! © ROYALxGIFTS','\n',char(10)),'5 days',285,'2023-01-18 11:58:18.412718',1);
INSERT INTO data_offer VALUES(445,'DvjmLYP4WC9','BTC','USD',54.0,1.5400000000000000355,0,'GAP - ATHLETA - BANANA','ROYALxGIFTS',5100.3475411999997959,'Online',' 8 min','Europe/Helsinki','buy',4,76,42,replace('WELCOME! THIS OFFER IS FOR ATHLETA / GAP / OLD NAVY / BANANA REPUBLIC GIFT CARD (US). PLEASE READ ALL THE INFORMATION BELOW BEFORE STARTING A TRADE!\n\nI. IMPORTANT INFORMATION:\n1. Warranty period (usage time): 3 days\n2. Region restriction: US only\n3. Denominations: differently\n\nII. OFFER&#039;S TERMS:\n1. We check each card for the correct balance and validity before sending. Sometimes it may take some time. Please wait patiently;\n2. Before purchasing, you must make sure that the gift cards will work in your country/on your account. We are not responsible for any problems on your side;\n3. If for any reason you are unable to use received gift cards, we will only be able to cancel the trade after we sell them to someone else. In other cases, we have the right not to cancel it;\n4. You must use your gift cards within the specified warranty period. We cannot guarantee that they will be valid for a longer time if you decide to store them.\n\nBY OPENING A TRADE YOU AGREE TO THESE TERMS!\n\nIII. NOTES:\n1. We will definitely leave you a positive feedback after trade is completed. We will be grateful if you do the same. Our reputation is incredibly important to us and we appreciate every feedback!\n2. Don&#039;t forget to add us to the trusted list by clicking on &quot;Add to contacts&quot; to make more profitable and fair deals in the future!\n3. We are looking for reliable partners for honest, long-term and mutually beneficial cooperation. Please contact us if you have any business suggestions/offers.\n======================================================================\nv1.21 / Last update: 15/09/2021 || COPYING THE TEXT IS FORBIDDEN! © ROYALxGIFTS','\n',char(10)),'3 days',285,'2023-01-18 11:58:18.412718',1);
INSERT INTO data_offer VALUES(447,'hDxShrBKJou','BTC','USD',20.0,1.1999999999999999555,0,'Trusted ','Layoka',0.27081130000000003255,'Online',' 13 min','Africa/Lagos','buy',9,77,91,'Say hi, wait me paste code. Release and Leave feedback.',NULL,285,'2023-01-18 11:58:18.412718',1);
INSERT INTO data_offer VALUES(448,'t5guRhBMh8F','BTC','USD',32.999999999999999999,1.330000000000000071,0,'SAFE - RELIABLE - USA','ROYALxGIFTS',5100.3001492000003052,'Online',' 18 min','Europe/Helsinki','buy',10,78,112,replace('WELCOME! THIS OFFER IS FOR SAKS FIFTH AVENUE GIFT CARD GIFT CARD (US). PLEASE READ ALL THE INFORMATION BELOW BEFORE STARTING A TRADE!\n\nI. IMPORTANT INFORMATION:\n1. Warranty period (usage time): 3 days \n2. Region restriction: US only\n3. Denominations: different values (from 20 to 250 usually)\n\nII. OFFER&#039;S TERMS:\n1. We check each card for the correct balance and validity before sending. Sometimes it may take some time. Please wait patiently;\n2. Before purchasing, you must make sure that the gift cards will work in your country/on your account. We are not responsible for any problems on your side;\n3. If for any reason you are unable to use received gift cards, we will only be able to cancel the trade after we sell them to someone else. In other cases, we have the right not to cancel it;\n4. You must use your gift cards within the specified warranty period. We cannot guarantee that they will be valid for a longer time if you decide to store them.\n\nBY OPENING A TRADE YOU AGREE TO THESE TERMS!\n\nIII. NOTES:\n1. We will definitely leave you a positive feedback after trade is completed. We will be grateful if you do the same. Our reputation is incredibly important to us and we appreciate every feedback!\n2. Don&#039;t forget to add us to the trusted list by clicking on &quot;Add to contacts&quot; to make more profitable and fair deals in the future!\n3. We are looking for reliable partners for honest, long-term and mutually beneficial cooperation. Please contact us if you have any business suggestions/offers.\n\n===\n© ROYALxGIFTS','\n',char(10)),'3 days',285,'2023-01-18 11:58:18.412718',1);
INSERT INTO data_offer VALUES(449,'dmn1wtkVGbM','BTC','CAD',32.999999999999999999,1.330000000000000071,0,'SEPHORA - SAFE - CANADA','ROYALxGIFTS',5100.3001492000003052,'Online','','Europe/Helsinki','buy',10,79,113,replace('WELCOME! THIS OFFER IS FOR SEPHORA GIFT CARD (CA). PLEASE READ ALL THE INFORMATION BELOW BEFORE STARTING A TRADE!\n\nI. IMPORTANT INFORMATION:\n1. Warranty period (usage time): 5 days\n2. Region restriction: CA only\n3. Denominations: $250s\n4. Read more (FAQ): https://www.sephora.com/beauty/faqs-gift-cards\n\nII. OFFER&#039;S TERMS:\n1. We check each card for the correct balance and validity before sending. Sometimes it may take some time. Please wait patiently;\n2. Before purchasing, you must make sure that the gift cards will work in your country/on your account. We are not responsible for any problems on your side;\n3. If for any reason you are unable to use received gift cards, we will only be able to cancel the trade after we sell them to someone else. In other cases, we have the right not to cancel it;\n4. You must use your gift cards within the specified warranty period. We cannot guarantee that they will be valid for a longer time if you decide to store them.\n\nBY OPENING A TRADE YOU AGREE TO THESE TERMS!\n\nIII. NOTES:\n1. We will definitely leave you a positive feedback after trade is completed. We will be grateful if you do the same. Our reputation is incredibly important to us and we appreciate every feedback!\n2. Don&#039;t forget to add us to the trusted list by clicking on &quot;Add to contacts&quot; to make more profitable and fair deals in the future!\n3. We are looking for reliable partners for honest, long-term and mutually beneficial cooperation. Please contact us if you have any business suggestions/offers.\n\n===\n © ROYALxGIFTS','\n',char(10)),'5 days',286,'2023-01-18 11:58:18.412718',1);
INSERT INTO data_offer VALUES(450,'vi19WXMtij4','BTC','USD',25.0,1.25,0,'SEPHORA - SAFE - US','ROYALxGIFTS',5100.2820951000003334,'Online',' 17 min','Europe/Helsinki','buy',10,81,113,replace('WELCOME! THIS OFFER IS FOR SEPHORA GIFT CARD (US). PLEASE READ ALL THE INFORMATION BELOW BEFORE STARTING A TRADE!\n\nI. IMPORTANT INFORMATION:\n1. Warranty period (usage time): 3 days\n2. Region restriction: US only\n3. Denominations: different values (from 10 to 200 usually)\n4. Read more (FAQ): https://www.sephora.com/beauty/faqs-gift-cards\n\nII. OFFER&#039;S TERMS:\n1. We check each card for the correct balance and validity before sending. Sometimes it may take some time. Please wait patiently;\n2. Before purchasing, you must make sure that the gift cards will work in your country/on your account. We are not responsible for any problems on your side;\n3. If for any reason you are unable to use received gift cards, we will only be able to cancel the trade after we sell them to someone else. In other cases, we have the right not to cancel it;\n4. You must use your gift cards within the specified warranty period. We cannot guarantee that they will be valid for a longer time if you decide to store them.\n\nBY OPENING A TRADE YOU AGREE TO THESE TERMS!\n\nIII. NOTES:\n1. We will definitely leave you a positive feedback after trade is completed. We will be grateful if you do the same. Our reputation is incredibly important to us and we appreciate every feedback!\n2. Don&#039;t forget to add us to the trusted list by clicking on &quot;Add to contacts&quot; to make more profitable and fair deals in the future!\n3. We are looking for reliable partners for honest, long-term and mutually beneficial cooperation. Please contact us if you have any business suggestions/offers.\n\n===\n © ROYALxGIFTS','\n',char(10)),'3 days',285,'2023-01-18 11:58:18.412718',1);
INSERT INTO data_offer VALUES(452,'YCvW9m8Fakm','BTC','USD',20.999999999999999999,1.2099999999999999644,0,'INSTANT DELIVERY','Flashx10',5100.2730681000002731,'Online',' 4 min','Africa/Cairo','buy',2,85,25,replace('*We work 24/7. If you find us offline, just open transaction and we will be online immediately! *\n\nThis offer for sale of PlayStation Network Gift Cards to the US Store (electronic codes only):\n\n&quot;Please read the terms and conditions carefully before you start trading with us&quot;:\n\nTrade Terms and Conditions:\n1. Choose the value of the card you want to buy.\n2. We recommend that you should record the screen before I submit my gift card code, in case there is a dispute!\n3. We will send you the code after 1-30 minutes after the transaction starts.\n4. After submitting the code, you have 30 minutes maximum until the coin is checked and issued\nOnce the electronic code has been shared, orders cannot be canceled or refunded.\n5. Code will be valid only for US Store.\n6. All cards are new codes from trusted website , you can redeem cards now or later.\n7. After the transaction is completed please leave good feedback and we will do the same thing.\n8. When you start trading, you agree and accept all the terms and conditions.','\n',char(10)),NULL,285,'2023-01-18 11:58:18.412718',1);
INSERT INTO data_offer VALUES(453,'muE3VmhJhiK','BTC','USD',100.0,2.0,0,'40 VARIOUS BRANDS - 01-14','ROYALxGIFTS',0.4513522000000000367,'Online',' 11 min','Europe/Helsinki','buy',11,2,122,replace('WELCOME! THIS OFFER IS FOR 40+ OF VARIOUS BRANDS (US) \n[Last update: January 14]\n\nLooking for some food &amp; restaurants gift cards? Check out our offer: NaEonu4fGpb (ID)\n20+ brands available!\n\n1. L.L.Bean | paxful.com/offer/1n8KgvmatMX\n2. Cabela&#039;s/Bass Pro | paxful.com/offer/HUFwZNigVfm\n3. Williams-Sonoma/Pottery Barn | paxful.com/offer/6BKkxtKqyDt\n4. Boscov&#039;s |paxful.com/offer/Uq5q3WiEdba\n5. Fashion Nova | paxful.com/offer/v9BynJ31TeP\n6. Madewell| paxful.com/offer/mRv5qNQiWBN\n7. Wayfair | paxful.com/offer/Z5MYQfg3PUv\n8. Brook Brothers | paxful.com/offer/uXt6UtGR44f\n9. Vans | paxful.com/offer/jw4bb7i5S5i\n10. Verizon | paxful.com/offer/yubJ6fyMDdw\n11. Dick&#039;s Sporting Goods | paxful.com/offer/bC4NJ4WJ8w9\n12. Carter&#039;s | paxful.com/offer/raTQ5VsucnF\n13. LASTMINUTE.COM &amp; BRAVOFLY.COM | paxful.com/offer/LjxhmWpxKD7\n*An inactive offer means that at the moment all cards are sold.\n\nIn current offer we sell the following brands:\n1. Alamo Drafthouse Cinema\n2. Fandango\n3. Galaxy Theatres\n4. Mandarin Oriental Hotel Group\n5. Maurices\n6. Tumi\n7. Top Golf\n8. Spa Week - Spa &amp; Wellness\n9.  Regal Cinemas\n10. Motherhood\n\nPlease choose the brand you need and make an order. Some brands may already be sold.\n\nWE OFFER BULK PRICE FOR SOME BRANDS!\n\nI. IMPORTANT INFORMATION:\n1. Warranty period (usage time): 5 days \n2. Region restriction: US only\n3. Denominations: different values (from $10 to $500)\n\nII. OFFER&#039;S TERMS:\n1. We check each card for the correct balance and validity before sending. Sometimes it may take some time. Please wait patiently;\n2. Before purchasing, you must make sure that the gift cards will work in your country/on your account. We are not responsible for any problems on your side;\n3. If for any reason you are unable to use received gift cards, we will only be able to cancel the trade after we sell them to someone else. In other cases, we have the right not to cancel it;\n4. You must use your gift cards within the specified warranty period. We cannot guarantee that they will be valid for a longer time if you decide to store them.\n\nBY OPENING A TRADE YOU AGREE TO THESE TERMS!\n===\n© ROYALxGIFTS','\n',char(10)),'5 days',285,'2023-01-18 11:58:18.412718',1);
INSERT INTO data_offer VALUES(454,'hKXnWHeXEia','BTC','USD',65.999999999999999999,1.65999999999999992,0,'DARDEN REST - SAFE - US','ROYALxGIFTS',0.37462230000000001917,'Online',' 17 min','Europe/Helsinki','buy',1,6,9,replace('WELCOME! THIS OFFER IS FOR DARDEN RESTAURANTS GIFT CARD (US). PLEASE READ ALL THE INFORMATION BELOW BEFORE STARTING A TRADE!\nIncludes: Olive Garden, LongHorn Steakhouse, Cheddar&#039;s Scratch Kitchen, Yard House, The Capital Grille, Seasons 52, Bahama Breeze and Eddie V&#039;s.\n\nI. IMPORTANT INFORMATION:\n1. Warranty period (usage time): 7 days\n2. Region restriction: US only\n3. Denominations: $10 - $400\n4. Read more (FAQ): https://www.olivegarden.com/faqs\n\nII. OFFER&#039;S TERMS:\n1. We check each card for the correct balance and validity before sending. Sometimes it may take some time. Please wait patiently;\n2. Before purchasing, you must make sure that the gift cards will work in your country/on your account. We are not responsible for any problems on your side;\n3. If for any reason you are unable to use received gift cards, we will only be able to cancel the trade after we sell them to someone else. In other cases, we have the right not to cancel it;\n4. You must use your gift cards within the specified warranty period. We cannot guarantee that they will be valid for a longer time if you decide to store them.\n\nBY OPENING A TRADE YOU AGREE TO THESE TERMS!\n\nIII. NOTES:\n1. We will definitely leave you a positive feedback after trade is completed. We will be grateful if you do the same. Our reputation is incredibly important to us and we appreciate every feedback!\n2. Don&#039;t forget to add us to the trusted list by clicking on &quot;&quot;Add to contacts&quot;&quot; to make more profitable and fair deals in the future!\n3. We are looking for reliable partners for honest, long-term and mutually beneficial cooperation. Please contact us if you have any business suggestions/offers.\n\n===\n© ROYALxGIFTS','\n',char(10)),'7 days',285,'2023-01-18 11:58:18.412718',1);
INSERT INTO data_offer VALUES(455,'FDVcN2HPWiH','BTC','USD',32.999999999999999999,1.330000000000000071,0,'SAFE - E-GIFTS - USA','ROYALxGIFTS',0.30014920000000000488,'Online',' 33 min','Europe/Helsinki','buy',11,11,124,replace('WELCOME! THIS OFFER IS FOR FOOTLOCKER SPORTS GIFT CARD (US). PLEASE READ ALL THE INFORMATION BELOW BEFORE STARTING A TRADE!\n\nI. IMPORTANT INFORMATION:\n1. Warranty period (usage time): 24 hours\n2. Region restriction: US only\n3. Denominations: differently\n4. Read more (FAQ): https://help.footlocker.com/hc/en-us/articles/360034699033-What-are-the-terms-conditions-for-Foot-Locker-gift-cards-\n\nII. OFFER&#039;S TERMS:\n1. We check each card for the correct balance and validity before sending. Sometimes it may take some time. Please wait patiently;\n2. Before purchasing, you must make sure that the gift cards will work in your country/on your account. We are not responsible for any problems on your side;\n3. If for any reason you are unable to use received gift cards, we will only be able to cancel the trade after we sell them to someone else. In other cases, we have the right not to cancel it;\n4. You must use your gift cards within the specified warranty period. We cannot guarantee that they will be valid for a longer time if you decide to store them.\n\nBY OPENING A TRADE YOU AGREE TO THESE TERMS!\n\nIII. NOTES:\n1. We will definitely leave you a positive feedback after trade is completed. We will be grateful if you do the same. Our reputation is incredibly important to us and we appreciate every feedback!\n2. Don&#039;t forget to add us to the trusted list by clicking on &quot;&quot;Add to contacts&quot;&quot; to make more profitable and fair deals in the future!\n3. We are looking for reliable partners for honest, long-term and mutually beneficial cooperation. Please contact us if you have any business suggestions/offers.\n======================================================================\nv1.21 / Last update: 15/09/2021 || COPYING THE TEXT IS FORBIDDEN! © ROYALxGIFTS','\n',char(10)),'24 hours',285,'2023-01-18 11:58:18.412718',1);
INSERT INTO data_offer VALUES(456,'bjBqrGQnstD','BTC','CAD',32.0,1.3200000000000000621,0,'SAFE - E-GIFTS - CANADA','ROYALxGIFTS',0.29789250000000000451,'Online','2 hours 8 min','Europe/Helsinki','buy',9,12,92,replace('WELCOME! THIS OFFER IS FOR HOME DEPOT GIFT CARD (CA). PLEASE READ ALL THE INFORMATION BELOW BEFORE STARTING A TRADE!\n\nI. IMPORTANT INFORMATION:\n1. Warranty period (usage time): 24 hours\n2. Region restriction: CA only\n3. Denominations: differently\n\nII. OFFER&#039;S TERMS:\n1. We check each card for the correct balance and validity before sending. Sometimes it may take some time. Please wait patiently;\n2. Before purchasing, you must make sure that the gift cards will work in your country/on your account. We are not responsible for any problems on your side;\n3. If for any reason you are unable to use received gift cards, we will only be able to cancel the trade after we sell them to someone else. In other cases, we have the right not to cancel it;\n4. You must use your gift cards within the specified warranty period. We cannot guarantee that they will be valid for a longer time if you decide to store them.\n\nBY OPENING A TRADE YOU AGREE TO THESE TERMS!\n\nIII. NOTES:\n1. We will definitely leave you a positive feedback after trade is completed. We will be grateful if you do the same. Our reputation is incredibly important to us and we appreciate every feedback!\n2. Don&#039;t forget to add us to the trusted list by clicking on &quot;Add to contacts&quot; to make more profitable and fair deals in the future!\n3. We are looking for reliable partners for honest, long-term and mutually beneficial cooperation. Please contact us if you have any business suggestions/offers.\n======================================================================\nv1.21 / Last update: 15/09/2021 || COPYING THE TEXT IS FORBIDDEN! © ROYALxGIFTS','\n',char(10)),'24 hours',286,'2023-01-18 11:58:18.412718',1);
INSERT INTO data_offer VALUES(458,'pgXv8VauAYH','BTC','USD',20.0,1.1999999999999999555,0,'INSTANLY','HonieChanJapan',0.27081130000000003255,'Seen 8 minutes ago',' 1 min','Asia/Ho_Chi_Minh','buy',2,140,30,'instantly delivered',NULL,285,'2023-01-18 11:58:18.412718',1);
INSERT INTO data_offer VALUES(460,'F9c6RTYhnSP','BTC','USD',20.0,1.1999999999999999555,0,'INSTANTLY','HonieChanJapan',0.27081130000000003255,'Seen 8 minutes ago',' 4 min','Asia/Ho_Chi_Minh','buy',2,117,21,'nintendo USD',NULL,285,'2023-01-18 11:58:18.412718',1);
INSERT INTO data_offer VALUES(462,'kWkeKvi1kY2','BTC','USD',20.0,1.1999999999999999555,0,'INSTANTLY','HonieChanJapan',0.27081130000000003255,'Seen 8 minutes ago',' 5 min','Asia/Ho_Chi_Minh','buy',2,118,25,replace('psn usa. must check code before releasing\nnot responsible after that','\n',char(10)),NULL,285,'2023-01-18 11:58:18.412718',1);
INSERT INTO data_offer VALUES(464,'cBLR5KWpAiw','BTC','USD',16.0,1.15999999999999992,0,'USA SAFE CODES','Metalhead_',0.26178430000000002531,'Online','','Africa/Cairo','buy',2,142,25,NULL,NULL,285,'2023-01-18 11:58:18.412718',1);
INSERT INTO data_offer VALUES(470,'cAPkC2v2n9a','BTC','USD',11.0,1.1100000000000000976,0,'SAFE - E-GIFTS - USA','ROYALxGIFTS',0.25050050000000001482,'Online',' 5 min','Europe/Helsinki','buy',9,49,91,replace('WELCOME! THIS OFFER IS FOR AMAZON GIFT CARD (US). PLEASE READ ALL THE INFORMATION BELOW BEFORE STARTING A TRADE!\n\nI. IMPORTANT INFORMATION:\n1. Warranty period (usage time): Redeem on your account (unlimited after redeeming)\n2. Region restriction: US only\n3. Denominations: $5 - $250\n4. Read more (FAQ): https://www.amazon.com/gp/help/customer/display.html?nodeId=GJDWQ6WX5MKQP3E6\n\nII. OFFER&#039;S TERMS:\n1. We check each card for the correct balance and validity before sending. Sometimes it may take some time. Please wait patiently;\n2. Before purchasing, you must make sure that the gift cards will work in your country/on your account. We are not responsible for any problems on your side;\n3. If for any reason you are unable to use received gift cards, we will only be able to cancel the trade after we sell them to someone else. In other cases, we have the right not to cancel it;\n4. You must use your gift cards within the specified warranty period. We cannot guarantee that they will be valid for a longer time if you decide to store them.\n\nBY OPENING A TRADE YOU AGREE TO THESE TERMS!\n\nIII. NOTES:\n1. We will definitely leave you a positive feedback after trade is completed. We will be grateful if you do the same. Our reputation is incredibly important to us and we appreciate every feedback!\n2. Don&#039;t forget to add us to the trusted list by clicking on &quot;Add to contacts&quot; to make more profitable and fair deals in the future!\n3. We are looking for reliable partners for honest, long-term and mutually beneficial cooperation. Please contact us if you have any business suggestions/offers.\n======================================================================\nv1.21 / Last update: 15/09/2021 || COPYING THE TEXT IS FORBIDDEN! © ROYALxGIFTS','\n',char(10)),NULL,285,'2023-01-18 11:58:18.412718',1);
INSERT INTO data_offer VALUES(471,'LcSt46cTC1Z','BTC','USD',10.0,1.1000000000000000888,0,'STOCAKABLE CODES','Dr_Thanoth',0.24824369999999998381,'Online','','Africa/Cairo','buy',3,148,32,NULL,NULL,285,'2023-01-18 11:58:18.412718',1);
INSERT INTO data_offer VALUES(472,'r8Mjgjo2jcX','BTC','USD',10.0,1.1000000000000000888,0,'Gift Cards','SirTomas',0.24824369999999998381,'Online','','Europe/Amsterdam','buy',2,149,21,NULL,NULL,285,'2023-01-18 11:58:18.412718',1);
INSERT INTO data_offer VALUES(474,'U28FXCsPfnv','BTC','CAD',65.0,1.6499999999999999111,0,'Amazon CAD Fastest ','JorANsaR',5100.3723656000001939,'Seen 17 minutes ago','3 hours 25 min','America/Bogota','buy',9,74,91,replace('Hello Dear Seller, this is a faster way selling bitcoins.\n\nINSTRUCTIONS\n&gt; I login into your account to redeem the physical card.\n&gt; I apply the Gift card codes in your account, you verify the amount and release the bitcoin\n\nREAD CAREFULLY BEFORE TO TRADE\n1. Dealing with AMAZON Gift Code/card is a risk\n2. Amazon codes can be reversed from your account\n3. PAXFUL and I are telling you this is a high risk option\n4. I deal with professionals that know and be conscience about the risk\n5. After redeem cards/codes I&#039;m not responsible in any way for what happens if you re-sell the codes, redeem them in third party Amazon accounts or accounts created with fake credentials.\n6.When the card/code is redeemed the deal is completed. NO CLAIMS O REFUND are available when the bitcoins are released.\n\nTHANKS LEAVE A GOOD FEEDBACK\nSmile at life.','\n',char(10)),NULL,286,'2023-01-18 11:58:18.412718',1);
INSERT INTO data_offer VALUES(475,'idkjw3qQzCU','USDT','USD',20.0,1.1999999999999999555,0,'PSN USA instant delivered','HonieChanJapan',0.11999999999999999555,'Seen 8 minutes ago',' 7 min','Asia/Ho_Chi_Minh','buy',2,136,25,'PSN USA code, i will check balance before sendPSN USA code, i will check balance before sending out, be honesting out, be honest',NULL,285,'2023-01-18 11:58:18.412718',1);
INSERT INTO data_offer VALUES(477,'5CRaG3KwRk7','USDT','USD',20.0,1.1999999999999999555,0,'nintendo USD instantly','HonieChanJapan',0.11999999999999999555,'Seen 8 minutes ago','','Asia/Ho_Chi_Minh','buy',2,137,21,'nintendo USD only - balances will be checked before giving out',NULL,285,'2023-01-18 11:58:18.412718',1);
INSERT INTO data_offer VALUES(478,'UFz75QrCi2w','USDT','USD',11.0,1.1100000000000000976,0,'SAFE - E-GIFTS - USA','ROYALxGIFTS',0.11100000000000001532,'Online',' 7 min','Europe/Helsinki','buy',9,91,91,NULL,NULL,285,'2023-01-18 11:58:18.412718',1);
INSERT INTO data_offer VALUES(479,'iv7b8fV6ZVt','BTC','USD',17.999999999999999999,1.1799999999999999378,0,'Fast Payment','Deal_Gates',0.26629779999999997341,'Online',' 6 min','Europe/Athens','buy',2,120,29,replace('This trade is for USA Roblox Gift Card, working only on US Accounts\n\nIf your account is not a US account, and I&#039;ll send a card, I will not refund you.\n\nPlease leave a positive feedback, after a succesful trade\n\nHope you enjoy our service! ','\n',char(10)),NULL,285,'2023-01-18 13:31:53.858620',1);
INSERT INTO data_offer VALUES(480,'AWbytZzx7Pk','BTC','USD',17.999999999999999999,1.1799999999999999378,0,'Fast Payment','Deal_Gates',0.26629779999999997341,'Online',' 9 min','Europe/Athens','buy',2,119,30,replace('This trade is for USA Xbox Card\n\nIf your account is not a US account, and I&#039;ll send a card, I will not refund you.\n\nPlease leave a positive feedback, after a succesful trade\n\nHope you enjoy our service! ','\n',char(10)),NULL,285,'2023-01-18 13:31:54.031413',1);
INSERT INTO data_offer VALUES(481,'DTUdYrQaEkj','BTC','USD',17.999999999999999999,1.1799999999999999378,0,'Fast Release','Deal_Gates',0.26629779999999997341,'Online',' 11 min','Europe/Athens','buy',2,121,25,replace('This trade is for USA Playstation Card\n\nIf your account is not a US account, and I&#039;ll send a card, I will not refund you.\n\nPlease leave a positive feedback, after a succesful trade\n\nHope you enjoy our service! ','\n',char(10)),NULL,285,'2023-01-18 13:31:54.202697',1);
INSERT INTO data_offer VALUES(482,'3rnfkS5Rt32','BTC','USD',17.999999999999999999,1.1799999999999999378,0,'Fast Payment','Deal_Gates',0.26629779999999997341,'Online',' 11 min','Europe/Athens','buy',2,122,21,replace('This trade is for USA Nintendo Gift Card, working only on US Accounts\n\nIf your account is not a US account, and I&#039;ll send a card, I will not refund you.\n\nPlease leave a positive feedback, after a succesful trade\n\nHope you enjoy our service! ','\n',char(10)),NULL,285,'2023-01-18 13:31:54.374006',1);
INSERT INTO data_offer VALUES(483,'NDwHMABetgV','BTC','USD',17.999999999999999999,1.1799999999999999378,0,'Fast Release','Deal_Gates',0.26629779999999997341,'Online',' 18 min','Europe/Athens','buy',3,123,33,replace('This trade is for USA Spotify Gift Card, working only on US Accounts\n\nIf your account is not a US account, and I&#039;ll send a card, I will not refund you.\n\nPlease leave a positive feedback, after a succesful trade\n\nHope you enjoy our service! ','\n',char(10)),NULL,285,'2023-01-18 13:31:54.595339',1);
INSERT INTO data_offer VALUES(484,'DK7TG27HEqw','BTC','USD',17.999999999999999999,1.1799999999999999378,0,'Fast Payment','Deal_Gates',0.26629779999999997341,'Online','','Europe/Athens','buy',3,124,38,replace('This trade is for USA Hulu Gift Card, working only on US Accounts\n\nIf your account is not a US account, and I&#039;ll send a card, I will not refund you.\n\nPlease leave a positive feedback, after a succesful trade\n\nHope you enjoy our service! ','\n',char(10)),NULL,285,'2023-01-18 13:31:54.793386',1);
INSERT INTO data_offer VALUES(485,'FiF5vUUhNTg','BTC','USD',12.999999999999999999,1.1299999999999998934,0,'Fast Release','Deal_Gates',0.25501400000000001844,'Online',' 6 min','Europe/Athens','buy',1,127,15,replace('This trade is for USA UBER EATS Gift Card, working only on US Accounts\n\n\nPlease leave a positive feedback, after a succesful trade\n\nHope you enjoy our service!','\n',char(10)),NULL,285,'2023-01-18 13:31:56.299265',1);
INSERT INTO data_offer VALUES(486,'8yMEpEqGNQU','BTC','USD',12.999999999999999999,1.1299999999999998934,0,'Fast Release','Deal_Gates',0.25501400000000001844,'Online',' 7 min','Europe/Athens','buy',6,126,74,replace('This trade is for USA UBER Gift Card, working only on US Accounts\n\nIf your account is not a US account, and I&#039;ll send a card, I will not refund you.\n\nPlease leave a positive feedback, after a succesful trade\n\nHope you enjoy our service!','\n',char(10)),NULL,285,'2023-01-18 13:31:56.470641',1);
INSERT INTO data_offer VALUES(487,'53HVsxi3m95','BTC','USD',12.0,1.1200000000000001065,0,'Fast and Reliable Trader','Deal_Gates',0.25275720000000001519,'Online',' 18 min','Europe/Athens','buy',6,128,70,replace('This trade is for USA Airbnb Gift Card, working only on US Accounts\n\nIf your account is not a US account, and I&#039;ll send a card, I will not refund you.\n\nPlease leave a positive feedback, after a succesful trade\n\nHope you enjoy our service! ','\n',char(10)),NULL,285,'2023-01-18 13:31:56.703591',1);
INSERT INTO data_offer VALUES(491,'F6iLhnKmtMv','BTC','USD',100.0,2.0,0,'SAFE - BULK DISCOUNT - US','ROYALxGIFTS',0.4513522000000000367,'Online',' 17 min','Europe/Helsinki','buy',3,3,34,replace('WELCOME! THIS OFFER IS FOR FANDANGO GIFT CARD (US). PLEASE READ ALL THE INFORMATION BELOW BEFORE STARTING A TRADE!\n\nI. IMPORTANT INFORMATION:\n1. Warranty period (usage time): 7 days\n2. Region restriction: US only\n3. Denominations: $25s mostly\n4. Read more (FAQ): https://support.fandango.com/en_us/categories/balance-redemption-HyafSbfOO\n5. We provide a better price for bulk orders.\n\nII. OFFER&#039;S TERMS:\n1. We check each card for the correct balance and validity before sending. Sometimes it may take some time. Please wait patiently;\n2. Before purchasing, you must make sure that the gift cards will work in your country/on your account. We are not responsible for any problems on your side;\n3. If for any reason you are unable to use received gift cards, we will only be able to cancel the trade after we sell them to someone else. In other cases, we have the right not to cancel it;\n4. You must use your gift cards within the specified warranty period. We cannot guarantee that they will be valid for a longer time if you decide to store them.\n\nBY OPENING A TRADE YOU AGREE TO THESE TERMS!\n\nIII. NOTES:\n1. We will definitely leave you a positive feedback after trade is completed. We will be grateful if you do the same. Our reputation is incredibly important to us and we appreciate every feedback!\n2. Don&#039;t forget to add us to the trusted list by clicking on &quot;Add to contacts&quot; to make more profitable and fair deals in the future!\n3. We are looking for reliable partners for honest, long-term and mutually beneficial cooperation. Please contact us if you have any business suggestions/offers.\n======================================================================\nv1.21 / Last update: 15/09/2021 || COPYING THE TEXT IS FORBIDDEN! © ROYALxGIFTS','\n',char(10)),'7 days',285,'2023-01-24 17:56:16.095408',1);
INSERT INTO data_offer VALUES(492,'NaEonu4fGpb','BTC','USD',100.0,2.0,0,'20 VARIOUS US RESTAURANTS','ROYALxGIFTS',0.4513522000000000367,'Online',' 12 min','Europe/Helsinki','buy',1,154,7,replace('WELCOME! THIS OFFER IS FOR 30+ OF FOOD &amp; RESTAURANTS BRANDS (US). PLEASE READ ALL THE INFORMATION BELOW BEFORE STARTING A TRADE!\n[Last update: December 18]\n\nWe also sell the following brands in separate offers [BRAND — LINK]:\n1. Dutch Bros. Coffee | paxful.com/offer/R8u8SGsm3Am\n2. Olive/Darden | paxful.com/offer/hKXnWHeXEia\n3. Panera Bread | paxful.com/offer/3kvu35deagN\n4. California Pizza Kitchen | paxful.com/offer/gbojSAVVqY4\n5. Outback Steakhouse | paxful.com/offer/MTxAepiSxto\n6. Chipotle Mexican Grill | paxful.com/offer/DyMFqEETAML\n7. Dave &amp; Buster | paxful.com/offer/sG6LHmNS7QK\n8. Burger King | paxful.com/offer/AVuST8dtxhm\n9. The Cheesecake Factory | paxful.com/offer/DXvDpLkJw7u\n*An inactive offer means that at the moment all cards are sold.\n\nIn current offer we sell the following brands:\n1. Cafe Rio Mexican Grill\n2. Chuck E. Cheese\n3. Landry&#039;s &amp; Morton&#039;s\n4. Lettuce Entertain You &amp; RPM Restaurants\n5. Lucille&#039;s BBQ\n6. Starr Restaurants\n7. Jamba Juice\n8. Quiznos\n9. Spaghetti Warehouse\n10. Buca Di Beppo\n11. Macaroni Grill\n12. Fogo de Chao\n13. Ruth&#039;s Chris Steak House\n14. Maggiano&#039;s\n15. Potbelly\n\nPlease choose the brand you need and make an order. Some brands may already be sold.\nWE OFFER BULK PRICE FOR SOME BRANDS!\n\nI. IMPORTANT INFORMATION:\n1. Warranty period (usage time): 7 days \n2. Region restriction: US only\n3. Denominations: different values from $10 to $300\n\nII. OFFER&#039;S TERMS:\n1. We check each card for the correct balance and validity before sending. Sometimes it may take some time. Please wait patiently;\n2. Before purchasing, you must make sure that the gift cards will work in your country/on your account. We are not responsible for any problems on your side;\n3. If for any reason you are unable to use received gift cards, we will only be able to cancel the trade after we sell them to someone else. In other cases, we have the right not to cancel it;\n4. You must use your gift cards within the specified warranty period. We cannot guarantee that they will be valid for a longer time if you decide to store them.\n\nBY OPENING A TRADE YOU AGREE TO THESE TERMS!\n\n===\n© ROYALxGIFTS','\n',char(10)),'7 days',285,'2023-01-24 17:56:16.127992',1);
INSERT INTO data_offer VALUES(493,'7VuB3Bvaj7a','BTC','USD',43.000000000000000001,1.4299999999999999378,0,'SAFE - E-GIFTS - USA','ROYALxGIFTS',0.32271680000000002586,'Online',' 18 min','Europe/Helsinki','buy',3,111,37,replace('WELCOME! THIS OFFER IS FOR TICKETMASTER GIFT CARD (US). PLEASE READ ALL THE INFORMATION BELOW BEFORE STARTING A TRADE!\n\nI. IMPORTANT INFORMATION:\n1. Warranty period (usage time): 5 days\n2. Region restriction: US only\n3. Denominations: from $10 to $150\n4. Read more (FAQ): https://help.ticketmaster.com/s/topic/0TO0a000000kUnJGAU/gift-cards?language=en_US\n\nII. OFFER&#039;S TERMS:\n1. We check each card for the correct balance and validity before sending. Sometimes it may take some time. Please wait patiently;\n2. Before purchasing, you must make sure that the gift cards will work in your country/on your account. We are not responsible for any problems on your side;\n3. If for any reason you are unable to use received gift cards, we will only be able to cancel the trade after we sell them to someone else. In other cases, we have the right not to cancel it;\n4. You must use your gift cards within the specified warranty period. We cannot guarantee that they will be valid for a longer time if you decide to store them.\n\nBY OPENING A TRADE YOU AGREE TO THESE TERMS!\n\nIII. NOTES:\n1. We will definitely leave you a positive feedback after trade is completed. We will be grateful if you do the same. Our reputation is incredibly important to us and we appreciate every feedback!\n2. Don&#039;t forget to add us to the trusted list by clicking on &quot;Add to contacts&quot; to make more profitable and fair deals in the future!\n3. We are looking for reliable partners for honest, long-term and mutually beneficial cooperation. Please contact us if you have any business suggestions/offers.\n======================================================================\nv1.21 / Last update: 15/09/2021 || COPYING THE TEXT IS FORBIDDEN! © ROYALxGIFTS','\n',char(10)),'5 days',285,'2023-01-24 17:56:16.302946',1);
INSERT INTO data_offer VALUES(494,'7ZcP8spC3im','BTC','USD',40.0,1.3999999999999999111,0,'FAST AND LEGIT','Blockchain_Btc',0.31594650000000001899,'Online',' 12 min','Africa/Nairobi','buy',1,155,4,replace('Thank you for choosing to open trade with \nI really appreciate and I welcome you to my humble shop\nSay hi \nI will give the instructions about the card\nSay you are ready so I can issue the gift card to you \n\nPlease redeem the gift card and release btc asap \n\n\nyou are always welcome to trade with m\n\nTRUST MY PROFILE AND LEAVE POSITIVE FEEDBACK\n\nSCAMMERS AREN&#039;T WELCOMED \n\nTHE CARDS BELONG TO STARBUCKS.COM','\n',char(10)),NULL,285,'2023-01-24 17:56:16.334322',1);
INSERT INTO data_offer VALUES(495,'bTutWtgrprU','BTC','USD',32.999999999999999999,1.330000000000000071,0,'SAFE - E-GIFTS - USA','ROYALxGIFTS',0.30014920000000000488,'Online',' 21 min','Europe/Helsinki','buy',9,156,104,replace('WELCOME! THIS OFFER IS FOR LOWE&#039;S GIFT CARD (US). PLEASE READ ALL THE INFORMATION BELOW BEFORE STARTING A TRADE!\n\nI. OFFER DESCRIPTION:\n1. Warranty period (usage time): 24 hours \n2. Region restriction: US only\n3. Denominations: differently\n4. Read more (FAQ): https://www.lowes.com/l/gift-card-faqs.html\n\nII. OFFER TERMS:\n1. We check each card for the correct balance and validity before sending. Sometimes it may take some time. Please wait patiently;\n2. Before purchasing, you must make sure that the gift cards will work in your country/on your account. We are not responsible for any problems on your side;\n3. If for any reason you are unable to use received gift cards, we will only be able to cancel the trade after we sell your cards to someone else. In other cases, we have the right not to cancel it;\n4. You must use your gift cards within the specified warranty period. We cannot guarantee that they will be valid for a longer time if you decide to store them.\n\nBY OPENING A TRADE YOU AGREE TO THESE TERMS!\n\nIII. NOTES:\n1. We will definitely leave you a positive feedback after trade is completed. We will be grateful if you do the same. Our reputation is incredibly important to us and we appreciate every feedback!\n2. Don&#039;t forget to add us to the trusted list by clicking on &quot;Add to contacts&quot; to make more profitable and fair deals in the future!\n3. We are looking for reliable partners for honest, long-term and mutually beneficial cooperation. Please contact us if you have any business suggestions/offers.\n======================================================================\nv1.21 / Last update: 15/09/2021 || COPYING THE TEXT IS FORBIDDEN! © ROYALxGIFTS','\n',char(10)),'24 hours',285,'2023-01-24 17:56:16.386748',1);
INSERT INTO data_offer VALUES(496,'ugVbBzxfqcd','BTC','USD',32.999999999999999999,1.330000000000000071,0,'SAFE - LIMITED STOCK - US','ROYALxGIFTS',0.30014920000000000488,'Online',' 23 min','Europe/Helsinki','buy',6,113,66,replace('WELCOME! THIS OFFER IS FOR DELTA AIR LINES GIFT CARD (US). PLEASE READ ALL THE INFORMATION BELOW BEFORE STARTING A TRADE!\n\nDelta eCredit at a lower price here: paxful.com/offer/uZMsvYW5CTY\n\nI. IMPORTANT INFORMATION:\n1. Warranty period (usage time): 21 days\n2. Region restriction: US only\n3. Denominations: $50, $100, $250, $500\n4. Up to 5 Gift Cards can be redeemed per transaction on delta.com and delta.com/vacations. If you wish to redeem more than 5 cards for a single purchase, please call Delta Vacations at 1-800-800-1504 or Delta Air Lines at 1-800-225-1366\n5. Read more (FAQ): https://www.delta.com/content/www/global/en/gift-cards/faqs.html\n\nII. OFFER&#039;S TERMS:\n1. We check each card for the correct balance and validity before sending. Sometimes it may take some time. Please wait patiently;\n2. Before purchasing, you must make sure that the gift cards will work in your country/on your account. We are not responsible for any problems on your side;\n3. If for any reason you are unable to use received gift cards, we will only be able to cancel the trade after we sell them to someone else. In other cases, we have the right not to cancel it;\n4. You must use your gift cards within the specified warranty period. We cannot guarantee that they will be valid for a longer time if you decide to store them.\n\nBY OPENING A TRADE YOU AGREE TO THESE TERMS!\n\nIII. NOTES:\n1. We will definitely leave you a positive feedback after trade is completed. We will be grateful if you do the same. Our reputation is incredibly important to us and we appreciate every feedback!\n2. Don&#039;t forget to add us to the trusted list by clicking on &quot;Add to contacts&quot; to make more profitable and fair deals in the future!\n3. We are looking for reliable partners for honest, long-term and mutually beneficial cooperation. Please contact us if you have any business suggestions/offers.\n\n===\n© ROYALxGIFTS','\n',char(10)),'21 days',285,'2023-01-24 17:56:16.415185',1);
INSERT INTO data_offer VALUES(497,'a8fgckSZqVF','BTC','USD',25.0,1.25,0,'BBB - SAFE - USA','ROYALxGIFTS',0.28209509999999998752,'Online',' 15 min','Europe/Helsinki','buy',9,15,109,replace('WELCOME! THIS OFFER IS FOR BED BATH &amp; BEYOND GIFT CARD (US). PLEASE READ ALL THE INFORMATION BELOW BEFORE STARTING A TRADE!\n\nI. IMPORTANT INFORMATION:\n1. Warranty period (usage time): 48 hrs\n2. Region restriction: US only\n3. Denominations: $25 - $500\n4. Read more (FAQ): https://www.bedbathandbeyond.com/store/static/GiftCardPolicy\n\nII. OFFER&#039;S TERMS:\n1. We check each card for the correct balance and validity before sending. Sometimes it may take some time. Please wait patiently;\n2. Before purchasing, you must make sure that the gift cards will work in your country/on your account. We are not responsible for any problems on your side;\n3. If for any reason you are unable to use received gift cards, we will only be able to cancel the trade after we sell them to someone else. In other cases, we have the right not to cancel it;\n4. You must use your gift cards within the specified warranty period. We cannot guarantee that they will be valid for a longer time if you decide to store them.\n\nBY OPENING A TRADE YOU AGREE TO THESE TERMS!\n\nIII. NOTES:\n1. We will definitely leave you a positive feedback after trade is completed. We will be grateful if you do the same. Our reputation is incredibly important to us and we appreciate every feedback!\n2. Don&#039;t forget to add us to the trusted list by clicking on &quot;Add to contacts&quot; to make more profitable and fair deals in the future!\n3. We are looking for reliable partners for honest, long-term and mutually beneficial cooperation. Please contact us if you have any business suggestions/offers.\n\n===\n© ROYALxGIFTS','\n',char(10)),'48 hrs',285,'2023-01-24 17:56:16.577139',1);
INSERT INTO data_offer VALUES(499,'CpJv49BNCbm','BTC','USD',20.0,1.1999999999999999555,0,'Fast transaction','EroSpark01',0.27081130000000003255,'Online',' 7 min','Africa/Lagos','buy',3,157,32,NULL,NULL,285,'2023-01-24 17:56:16.725317',1);
INSERT INTO data_offer VALUES(500,'zcEnsMA2eg6','BTC','USD',20.0,1.1999999999999999555,0,'Fast transaction','EroSpark01',0.27081130000000003255,'Online',' 9 min','Africa/Lagos','buy',5,158,61,'Say hi',NULL,285,'2023-01-24 17:56:16.777145',1);
INSERT INTO data_offer VALUES(501,'xzv8y4YcnCY','BTC','USD',16.5,1.15999999999999992,0,'FAST AND LEGIT','Blockchain_Btc',0.26291269999999999917,'Online','','Africa/Nairobi','buy',2,28,29,replace('Thank you for choosing to open trade with \nI really appreciate and I welcome you to my humble shop\nSay hi \nI will give the instructions about the card\nSay you are ready so I can issue the gift card to you \n\nPlease redeem the gift card and release btc asap \n\n\nyou are always welcome to trade with m\n\nTRUST MY PROFILE AND LEAVE POSITIVE FEEDBACK\n\nSCAMMERS AREN&#039;T WELCOMED \n\nTHE CARDS/vouchers BELONG TO usa','\n',char(10)),NULL,285,'2023-01-24 17:56:16.965544',1);
INSERT INTO data_offer VALUES(503,'kGrZpN47oAr','BTC','USD',16.0,1.15999999999999992,0,'ITUNES - APPLE STORE - US','ROYALxGIFTS',0.26178430000000002531,'Online',' 9 min','Europe/Helsinki','buy',5,159,57,replace('WELCOME! THIS OFFER IS FOR ITUNES/APPLE STORE GIFT CARD (US). PLEASE READ ALL THE INFORMATION BELOW BEFORE STARTING A TRADE!\n\nI. IMPORTANT INFORMATION:\n1. Warranty period (usage time): 3 days\n2. Region restriction: US only\n3. Denominations: $100 - $500\n4. iTunes cards works for every Apple services/stores.\n5. Read more (FAQ): https://support.apple.com/en-lamr/HT201209\n\nII. OFFER&#039;S TERMS:\n1. We check each card for the correct balance and validity before sending. Sometimes it may take some time. Please wait patiently;\n2. Before purchasing, you must make sure that the gift cards will work in your country/on your account. We are not responsible for any problems on your side;\n3. If for any reason you are unable to use received gift cards, we will only be able to cancel the trade after we sell them to someone else. In other cases, we have the right not to cancel it;\n4. You must use your gift cards within the specified warranty period. We cannot guarantee that they will be valid for a longer time if you decide to store them.\n\nBY OPENING A TRADE YOU AGREE TO THESE TERMS!\n\nIII. NOTES:\n1. We will definitely leave you a positive feedback after trade is completed. We will be grateful if you do the same. Our reputation is incredibly important to us and we appreciate every feedback!\n2. Don&#039;t forget to add us to the trusted list by clicking on &quot;Add to contacts&quot; to make more profitable and fair deals in the future!\n3. We are looking for reliable partners for honest, long-term and mutually beneficial cooperation. Please contact us if you have any business suggestions/offers.\n======================================================================\nv1.21 / Last update: 15/09/2021 || COPYING THE TEXT IS FORBIDDEN! © ROYALxGIFTS','\n',char(10)),'3 days',285,'2023-01-24 17:56:17.022686',1);
INSERT INTO data_offer VALUES(504,'rzKEiwtVVkP','BTC','USD',15.0,1.1499999999999999111,0,'AUTO-TRADE - SAFE - USA','ROYALxGIFTS',0.25952750000000002206,'Online',' 1 min','Europe/Helsinki','buy',2,30,25,NULL,NULL,285,'2023-01-24 17:56:17.074039',1);
INSERT INTO data_offer VALUES(505,'fttbzzG9DkR','BTC','USD',40.0,1.3999999999999999111,0,'Fast release coin','EroSpark01',5100.3159464999998817,'Online',' 5 min','Africa/Lagos','buy',9,83,91,NULL,NULL,285,'2023-01-24 17:56:17.104210',1);
INSERT INTO data_offer VALUES(507,'owQU7cu6qgG','BTC','USD',13.5,1.1299999999999998934,0,'iTunes USA SAFE CODES','Metalhead_',0.25614239999999999231,'Online','','Africa/Cairo','buy',3,161,32,NULL,NULL,285,'2023-01-24 17:56:17.202449',1);
INSERT INTO data_offer VALUES(508,'t95kEyryF9P','BTC','USD',13.099999999999999644,1.1299999999999998934,0,'SAFE - STORABLE US N PLUS','GIFTCARDS__BUYER',0.25523970000000001379,'Seen 1 minute ago',' 8 min','Africa/Cairo','buy',2,46,25,replace('we have playstation PLUS also 1 month and 3 months and 12 months for 10 25 60 please tell if u need\nThis trade is for USA psn Gift Card\nWe have everything evedince please screenrecord\n\n3 MONTHS PLUS OPEN TRADE FOR 25 \n12 MONTHS PLUS OPEN TRADE FOR 55\n\nWE HAVE ALL CODES ALL STOCKABLE FROM 10-100 we have stock up to 1000 dollar per trade ','\n',char(10)),NULL,285,'2023-01-24 17:56:17.232730',1);
INSERT INTO data_offer VALUES(510,'XKcv8gwoEbw','BTC','EUR',12.999999999999999999,1.1299999999999998934,0,'Fast all regions ','GIFTCARDS__BUYER',0.25501400000000001844,'Seen 1 minute ago',' 11 min','Africa/Cairo','buy',2,40,25,replace('Fast we have all regions all codes are checked u should screenrecord when I tell u to do if we felt anything uncomfortable we will cancel trade\n\nThe cards can not be refunded after it sent to u ! It&#039;s can not be refunded trade can not be cancelled \n\nThis is for PlayStation store EUROPE \nDo not forget feedback','\n',char(10)),NULL,288,'2023-01-24 17:56:17.359647',1);
INSERT INTO data_offer VALUES(511,'P8oJ5axZXQ7','BTC','USD',12.099999999999999644,1.1200000000000001065,0,'Fast ','GIFTCARDS__BUYER',0.25298290000000001054,'Seen 1 minute ago',' 9 min','Africa/Cairo','buy',3,163,32,NULL,NULL,285,'2023-01-24 17:56:17.412689',1);
INSERT INTO data_offer VALUES(513,'tPJDVqsL8Bq','BTC','USD',12.0,1.1200000000000001065,0,'USD safe cards','Metalhead_',0.25275720000000001519,'Online',' 7 min','Africa/Cairo','buy',2,164,29,replace('*This trade is for Roblox Game Gift Cards*\n\nI am here all the time, you&#039;re welcome to join the trade!\n\n- Say Hi\n- Ask me to send the E-gift card.\n- I will send the code and you have to redeem quickly.\n- Release payment.\n- Leave good feedback for each other, thanks.\n\nPlease do not try to scam, my cards are %100 working.\n====\nPlease don&#039;t cancel the trade in a hurry, i will usually reply fast.','\n',char(10)),NULL,285,'2023-01-24 17:56:17.466446',1);
INSERT INTO data_offer VALUES(517,'Eu8vYWjqz38','BTC','USD',11.0,1.1100000000000000976,0,'SPOTIFY USA SAFE','Metalhead_',0.25050050000000001482,'Online','','Africa/Cairo','buy',3,167,33,replace('This offer is for *Spotify Gift Cards (USA)*\n\n60 USD only cards available \n\nOpen a trade and ask me to send the card.','\n',char(10)),NULL,285,'2023-01-24 17:56:17.684700',1);
INSERT INTO data_offer VALUES(518,'yChminT4GBd','BTC','USD',10.499999999999999999,1.1000000000000000888,0,'FAST AND LEGIT','Blockchain_Btc',0.24937209999999998544,'Online',' 6 min','Africa/Nairobi','buy',1,53,15,replace('Thank you for choosing to open trade with \nI really appreciate and I welcome you to my humble shop\nSay hi \nI will give the instructions about the card\nSay you are ready so I can issue the gift card to you \n\nPlease redeem the gift card and release btc asap \n\n\nyou are always welcome to trade with m\n\nTRUST MY PROFILE AND LEAVE POSITIVE FEEDBACK\n\nSCAMMERS AREN&#039;T WELCOMED \n\nTHE CARDS/vouchers BELONG TO UBEREATS.COM','\n',char(10)),NULL,285,'2023-01-24 17:56:17.726399',1);
INSERT INTO data_offer VALUES(519,'22TdTPvvoYs','BTC','USD',10.499999999999999999,1.1000000000000000888,0,'FAST AND LEGIT','Blockchain_Btc',0.24937209999999998544,'Online',' 7 min','Africa/Nairobi','buy',6,59,70,replace('Thank you for choosing to open trade with \nI really appreciate and I welcome you to my humble shop\nSay hi \nI will give the instructions about the card\nSay you are ready so I can issue the gift card to you \n\nPlease redeem the gift card and release btc asap \n\n\nyou are always welcome to trade with m\n\nTRUST MY PROFILE AND LEAVE POSITIVE FEEDBACK\n\nSCAMMERS AREN&#039;T WELCOMED \n\nTHE CARDS/vouchers BELONG TO airbnb.COM','\n',char(10)),NULL,285,'2023-01-24 17:56:17.756462',1);
INSERT INTO data_offer VALUES(520,'S3zotoPF7cK','BTC','USD',10.499999999999999999,1.1000000000000000888,0,'FAST AND LEGIT','Blockchain_Btc',0.24937209999999998544,'Online',' 31 min','Africa/Nairobi','buy',2,54,23,replace('Thank you for choosing to open trade with \nI really appreciate and I welcome you to my humble shop\nSay hi \nI will give the instructions about the card\nSay you are ready so I can issue the gift card to you \n\nPlease redeem the gift card and release btc asap \n\n\nyou are always welcome to trade with m\n\nTRUST MY PROFILE AND LEAVE POSITIVE FEEDBACK\n\nSCAMMERS AREN&#039;T WELCOMED \n\nTHE CARDS/vouchers BELONG TO USA ','\n',char(10)),NULL,285,'2023-01-24 17:56:17.787084',1);
INSERT INTO data_offer VALUES(521,'dxHFoVhUnMU','BTC','USD',10.499999999999999999,1.1000000000000000888,0,'FAST AND LEGIT','Blockchain_Btc',0.24937209999999998544,'Online','','Africa/Nairobi','buy',2,55,21,replace('Thank you for choosing to open trade with \nI really appreciate and I welcome you to my humble shop\nSay hi \nI will give the instructions about the card\nSay you are ready so I can issue the gift card to you \n\nPlease redeem the gift card and release btc asap \n\n\nyou are always welcome to trade with m\n\nTRUST MY PROFILE AND LEAVE POSITIVE FEEDBACK\n\nSCAMMERS AREN&#039;T WELCOMED \n\nTHE CARDS BELONG TO USA','\n',char(10)),NULL,285,'2023-01-24 17:56:17.817043',1);
INSERT INTO data_offer VALUES(522,'XfRQcD3pBoR','BTC','USD',10.499999999999999999,1.1000000000000000888,0,'FAST AND LEGIT','Blockchain_Btc',0.24937209999999998544,'Online','','Africa/Nairobi','buy',2,56,30,replace('Thank you for choosing to open trade with \nI really appreciate and I welcome you to my humble shop\nSay hi \nI will give the instructions about the card\nSay you are ready so I can issue the gift card to you \n\nPlease redeem the gift card and release btc asap \n\n\nyou are always welcome to trade with m\n\nTRUST MY PROFILE AND LEAVE POSITIVE FEEDBACK\n\nSCAMMERS AREN&#039;T WELCOMED \n\nTHE CARDS/vouchers BELONG TO USA ','\n',char(10)),NULL,285,'2023-01-24 17:56:17.845374',1);
INSERT INTO data_offer VALUES(523,'iYfoxGbKt4J','BTC','USD',10.499999999999999999,1.1000000000000000888,0,'FAST AND LEGIT','Blockchain_Btc',0.24937209999999998544,'Online','','Africa/Nairobi','buy',2,57,25,replace('Thank you for choosing to open trade with \nI really appreciate and I welcome you to my humble shop\nSay hi \nI will give the instructions about the card\nSay you are ready so I can issue the gift card to you \n\nPlease redeem the gift card and release btc asap \n\n\nyou are always welcome to trade with m\n\nTRUST MY PROFILE AND LEAVE POSITIVE FEEDBACK\n\nSCAMMERS AREN&#039;T WELCOMED \n\nTHE CARDS/vouchers BELONG TO USA ','\n',char(10)),NULL,285,'2023-01-24 17:56:17.874962',1);
INSERT INTO data_offer VALUES(524,'6BrBmPMVcF8','BTC','USD',10.499999999999999999,1.1000000000000000888,0,'FAST AND LEGIT','Blockchain_Btc',0.24937209999999998544,'Online','','Africa/Nairobi','buy',6,58,74,replace('Thank you for choosing to open trade with \nI really appreciate and I welcome you to my humble shop\nSay hi \nI will give the instructions about the card\nSay you are ready so I can issue the gift card to you \n\nPlease redeem the gift card and release btc asap \n\n\nyou are always welcome to trade with m\n\nTRUST MY PROFILE AND LEAVE POSITIVE FEEDBACK\n\nSCAMMERS AREN&#039;T WELCOMED \n\nTHE CARDS/vouchers BELONG TO UBER.COM','\n',char(10)),NULL,285,'2023-01-24 17:56:17.902950',1);
INSERT INTO data_offer VALUES(525,'gvYdut6G6Dd','BTC','USD',10.499999999999999999,1.1000000000000000888,0,'FAST AND LEGIT','Blockchain_Btc',0.24937209999999998544,'Online','','Africa/Nairobi','buy',3,60,38,replace('Thank you for choosing to open trade with \nI really appreciate and I welcome you to my humble shop\nSay hi \nI will give the instructions about the card\nSay you are ready so I can issue the gift card to you \n\nPlease redeem the gift card and release btc asap \n\n\nyou are always welcome to trade with m\n\nTRUST MY PROFILE AND LEAVE POSITIVE FEEDBACK\n\nSCAMMERS AREN&#039;T WELCOMED \n\nTHE CARDS/vouchers BELONG TO USA ','\n',char(10)),NULL,285,'2023-01-24 17:56:17.933301',1);
INSERT INTO data_offer VALUES(526,'5dUM8EjoEPs','BTC','USD',10.0,1.1000000000000000888,0,'Fast Release','Deal_Gates',0.24824369999999998381,'Online',' 8 min','Europe/Athens','buy',3,168,32,replace('This trade is for USA iTunes Gift Card, working ONLY on US Accounts\n\nIf your account is not a US account and there is an issue with the card, you need to upload PROOF that your account is a US account. (Video proof will be much appreciated)\n\nPlease leave a positive feedback, after a succesful trade with us!\n\nHope you enjoy our service!','\n',char(10)),NULL,285,'2023-01-24 17:56:17.964481',1);
INSERT INTO data_offer VALUES(527,'dEU3xwa4Fpa','BTC','USD',54.0,1.5400000000000000355,0,'SAFE - E-GIFTS - USA','ROYALxGIFTS',5100.3475411999997959,'Online',' 15 min','Europe/Helsinki','buy',1,169,5,replace('WELCOME! THIS OFFER IS FOR WHOLE FOODS MARKET GIFT CARD (US). PLEASE READ ALL THE INFORMATION BELOW BEFORE STARTING A TRADE!\n\nI. IMPORTANT INFORMATION:\n1. Warranty period (usage time): 5 days\n2. Region restriction: US only\n3. Denominations: $5-$210\n4. Read more (FAQ): https://www.wholefoodsmarket.com/customer-service/topics\n\nII. OFFER&#039;S TERMS:\n1. We check each card for the correct balance and validity before sending. Sometimes it may take some time. Please wait patiently;\n2. Before purchasing, you must make sure that the gift cards will work in your country/on your account. We are not responsible for any problems on your side;\n3. If for any reason you are unable to use received gift cards, we will only be able to cancel the trade after we sell them to someone else. In other cases, we have the right not to cancel it;\n4. You must use your gift cards within the specified warranty period. We cannot guarantee that they will be valid for a longer time if you decide to store them.\n\nBY OPENING A TRADE YOU AGREE TO THESE TERMS!\n\nIII. NOTES:\n1. We will definitely leave you a positive feedback after trade is completed. We will be grateful if you do the same. Our reputation is incredibly important to us and we appreciate every feedback!\n2. Don&#039;t forget to add us to the trusted list by clicking on &quot;Add to contacts&quot; to make more profitable and fair deals in the future!\n3. We are looking for reliable partners for honest, long-term and mutually beneficial cooperation. Please contact us if you have any business suggestions/offers.\n======================================================================\nv1.21 / Last update: 15/09/2021 || COPYING THE TEXT IS FORBIDDEN! © ROYALxGIFTS','\n',char(10)),'5 days',285,'2023-01-24 17:56:18.233507',1);
INSERT INTO data_offer VALUES(528,'qh1u9Q1buTf','BTC','USD',22.0,1.2199999999999999733,1,'100usd Amazon giftcard ','Tuccivelli',5100.2753247999999073,'Seen 27 minutes ago','','Africa/Lagos','buy',9,170,91,replace('I have lots of 100$ Amazon giftcard with receipt .\nOpen trade \nSay hello \nWait for my reply \nI’ll share the cards with you \nRedeem it \nRelease btc \nLeave good feedback \nHappy trading ❤️','\n',char(10)),NULL,285,'2023-01-24 17:56:18.340366',1);
INSERT INTO data_offer VALUES(529,'uLmi5iZ55kj','USDT','USD',32.999999999999999999,1.330000000000000071,0,'SAFE - LIMITED STOCK - US','ROYALxGIFTS',0.1330000000000000071,'Online','1 hour 9 min','Europe/Helsinki','buy',6,171,66,replace('WELCOME! THIS OFFER IS FOR DELTA AIR LINES GIFT CARD (US). PLEASE READ ALL THE INFORMATION BELOW BEFORE STARTING A TRADE!\n\nDelta eCredit at a lower price here: https://paxful.com/offer/uZMsvYW5CTY\n\nI. IMPORTANT INFORMATION:\n1. Warranty period (usage time): 21 days\n2. Region restriction: US only\n3. Denominations: $50, $100, $250, $500\n4. Up to 5 Gift Cards can be redeemed per transaction on delta.com and delta.com/vacations. If you wish to redeem more than 5 cards for a single purchase, please call Delta Vacations at 1-800-800-1504 or Delta Air Lines at 1-800-225-1366\n5. Read more (FAQ): https://www.delta.com/content/www/global/en/gift-cards/faqs.html\n\nII. OFFER&#039;S TERMS:\n1. We check each card for the correct balance and validity before sending. Sometimes it may take some time. Please wait patiently;\n2. Before purchasing, you must make sure that the gift cards will work in your country/on your account. We are not responsible for any problems on your side;\n3. If for any reason you are unable to use received gift cards, we will only be able to cancel the trade after we sell them to someone else. In other cases, we have the right not to cancel it;\n4. You must use your gift cards within the specified warranty period. We cannot guarantee that they will be valid for a longer time if you decide to store them.\n\nBY OPENING A TRADE YOU AGREE TO THESE TERMS!\n\nIII. NOTES:\n1. We will definitely leave you a positive feedback after trade is completed. We will be grateful if you do the same. Our reputation is incredibly important to us and we appreciate every feedback!\n2. Don&#039;t forget to add us to the trusted list by clicking on &quot;Add to contacts&quot; to make more profitable and fair deals in the future!\n3. We are looking for reliable partners for honest, long-term and mutually beneficial cooperation. Please contact us if you have any business suggestions/offers.\n===\n© ROYALxGIFTS','\n',char(10)),'21 days',285,'2023-01-24 17:57:25.421191',1);
INSERT INTO data_offer VALUES(530,'Pd8ZXsHu2rS','USDT','USD',20.0,1.1999999999999999555,0,'Fast transaction ','EroSpark01',0.11999999999999999555,'Online',' 4 min','Africa/Lagos','buy',5,172,61,NULL,NULL,285,'2023-01-24 17:57:25.451980',1);
INSERT INTO data_offer VALUES(531,'Ry9795ap4ug','USDT','USD',19.710000000000000852,1.1999999999999999555,0,'Fast release Coin ','EroSpark01',0.11999999999999999555,'Online',' 6 min','Africa/Lagos','buy',3,173,32,NULL,NULL,285,'2023-01-24 17:57:25.479657',1);
INSERT INTO data_offer VALUES(532,'H2JEoNrwi6v','USDT','USD',20.0,1.1999999999999999555,0,'LEGIT AND FAST','Blockchain_Btc',0.11999999999999999555,'Online',' 15 min','Africa/Nairobi','buy',1,174,4,replace('Thank you for choosing to open trade with \nI really appreciate and I welcome you to my humble shop\nSay hi \nI will give the instructions about the card\nSay you are ready so I can issue the gift card to you \n\nPlease redeem the gift card and release btc asap \n\n\nyou are always welcome to trade with m\n\nTRUST MY PROFILE AND LEAVE POSITIVE FEEDBACK\n\nSCAMMERS AREN&#039;T WELCOMED \n\nTHE CARDS BELONG TO STARBUCKS.COM','\n',char(10)),NULL,285,'2023-01-24 17:57:25.523059',1);
INSERT INTO data_offer VALUES(534,'cK12jpEggJo','USDT','USD',16.100000000000001421,1.15999999999999992,0,'FAST AND LEGIT','Blockchain_Btc',0.115999999999999992,'Online','','Africa/Nairobi','buy',2,88,29,replace('Thank you for choosing to open trade with \nI really appreciate and I welcome you to my humble shop\nSay hi \nI will give the instructions about the card\nSay you are ready so I can issue the gift card to you \n\nPlease redeem the gift card and release btc asap \n\n\nyou are always welcome to trade with m\n\nTRUST MY PROFILE AND LEAVE POSITIVE FEEDBACK\n\nSCAMMERS AREN&#039;T WELCOMED \n\nTHE CARDS/vouchers BELONG TO usa','\n',char(10)),NULL,285,'2023-01-24 17:57:25.645877',1);
INSERT INTO data_offer VALUES(535,'QsngYdWzugK','USDT','USD',34.670000000000001706,1.3500000000000000888,0,'','EroSpark01',5100.1350000000002181,'Online',' 4 min','Africa/Lagos','buy',9,104,91,NULL,NULL,285,'2023-01-24 17:57:25.676380',1);
INSERT INTO data_offer VALUES(537,'Z8Z9o4tW6WN','USDT','USD',10.499999999999999999,1.1100000000000000976,0,'fast and legit','Blockchain_Btc',0.11100000000000001532,'Online',' 9 min','Africa/Nairobi','buy',1,92,15,replace('Thank you for choosing to open trade with \nI really appreciate and I welcome you to my humble shop\nSay hi \nI will give the instructions about the card\nSay you are ready so I can issue the gift card to you \n\nPlease redeem the gift card and release btc asap \n\n\nyou are always welcome to trade with m\n\nTRUST MY PROFILE AND LEAVE POSITIVE FEEDBACK\n\nSCAMMERS AREN&#039;T WELCOMED \n\nTHE CARDS/vouchers BELONG TO UBEREATS.COM','\n',char(10)),NULL,285,'2023-01-24 17:57:25.782272',1);
INSERT INTO data_offer VALUES(538,'mxcmxqaxmi8','USDT','USD',10.499999999999999999,1.1100000000000000976,0,'FAST AND LEGIT','Blockchain_Btc',0.11100000000000001532,'Online',' 15 min','Africa/Nairobi','buy',2,93,23,replace('Thank you for choosing to open trade with \nI really appreciate and I welcome you to my humble shop\nSay hi \nI will give the instructions about the card\nSay you are ready so I can issue the gift card to you \n\nPlease redeem the gift card and release btc asap \n\n\nyou are always welcome to trade with m\n\nTRUST MY PROFILE AND LEAVE POSITIVE FEEDBACK\n\nSCAMMERS AREN&#039;T WELCOMED \n\nTHE CARDS/vouchers BELONG TO USA ','\n',char(10)),NULL,285,'2023-01-24 17:57:25.813660',1);
INSERT INTO data_offer VALUES(539,'S4677VqKuah','USDT','USD',10.499999999999999999,1.1100000000000000976,0,'FAST AND LEGIT','Blockchain_Btc',0.11100000000000001532,'Online','','Africa/Nairobi','buy',2,94,21,replace('Thank you for choosing to open trade with \nI really appreciate and I welcome you to my humble shop\nSay hi \nI will give the instructions about the card\nSay you are ready so I can issue the gift card to you \n\nPlease redeem the gift card and release btc asap \n\n\nyou are always welcome to trade with m\n\nTRUST MY PROFILE AND LEAVE POSITIVE FEEDBACK\n\nSCAMMERS AREN&#039;T WELCOMED \n\nTHE CARDS BELONG TO USA','\n',char(10)),NULL,285,'2023-01-24 17:57:25.845209',1);
INSERT INTO data_offer VALUES(540,'KtFFxS4NdiG','USDT','USD',10.499999999999999999,1.1100000000000000976,0,'FAST AND LEGIT','Blockchain_Btc',0.11100000000000001532,'Online','','Africa/Nairobi','buy',2,95,30,replace('Thank you for choosing to open trade with \nI really appreciate and I welcome you to my humble shop\nSay hi \nI will give the instructions about the card\nSay you are ready so I can issue the gift card to you \n\nPlease redeem the gift card and release btc asap \n\n\nyou are always welcome to trade with m\n\nTRUST MY PROFILE AND LEAVE POSITIVE FEEDBACK\n\nSCAMMERS AREN&#039;T WELCOMED \n\nTHE CARDS/vouchers BELONG TO USA ','\n',char(10)),NULL,285,'2023-01-24 17:57:25.874441',1);
INSERT INTO data_offer VALUES(541,'nggtufs6saH','USDT','USD',10.499999999999999999,1.1100000000000000976,0,'FAST AND LEGIT','Blockchain_Btc',0.11100000000000001532,'Online','','Africa/Nairobi','buy',2,96,25,replace('Thank you for choosing to open trade with \nI really appreciate and I welcome you to my humble shop\nSay hi \nI will give the instructions about the card\nSay you are ready so I can issue the gift card to you \n\nPlease redeem the gift card and release btc asap \n\n\nyou are always welcome to trade with m\n\nTRUST MY PROFILE AND LEAVE POSITIVE FEEDBACK\n\nSCAMMERS AREN&#039;T WELCOMED \n\nTHE CARDS/vouchers BELONG TO USA ','\n',char(10)),NULL,285,'2023-01-24 17:57:25.904930',1);
INSERT INTO data_offer VALUES(542,'o1jJm7ZpyLx','USDT','USD',10.499999999999999999,1.1100000000000000976,0,'FAST AND LEGIT','Blockchain_Btc',0.11100000000000001532,'Online','','Africa/Nairobi','buy',6,97,74,replace('Thank you for choosing to open trade with \nI really appreciate and I welcome you to my humble shop\nSay hi \nI will give the instructions about the card\nSay you are ready so I can issue the gift card to you \n\nPlease redeem the gift card and release btc asap \n\n\nyou are always welcome to trade with m\n\nTRUST MY PROFILE AND LEAVE POSITIVE FEEDBACK\n\nSCAMMERS AREN&#039;T WELCOMED \n\nTHE CARDS/vouchers BELONG TO UBER.COM','\n',char(10)),NULL,285,'2023-01-24 17:57:25.935526',1);
INSERT INTO data_offer VALUES(543,'iD4dudLtGh1','USDT','USD',10.499999999999999999,1.1100000000000000976,0,'FAST AND LEGIT','Blockchain_Btc',0.11100000000000001532,'Online','','Africa/Nairobi','buy',6,98,70,replace('Thank you for choosing to open trade with \nI really appreciate and I welcome you to my humble shop\nSay hi \nI will give the instructions about the card\nSay you are ready so I can issue the gift card to you \n\nPlease redeem the gift card and release btc asap \n\n\nyou are always welcome to trade with m\n\nTRUST MY PROFILE AND LEAVE POSITIVE FEEDBACK\n\nSCAMMERS AREN&#039;T WELCOMED \n\nTHE CARDS/vouchers BELONG TO USA ','\n',char(10)),NULL,285,'2023-01-24 17:57:25.963172',1);
INSERT INTO data_offer VALUES(544,'ZYX5d79KoWN','USDT','USD',10.499999999999999999,1.1100000000000000976,0,'FAST AND LEGIT','Blockchain_Btc',0.11100000000000001532,'Online','','Africa/Nairobi','buy',3,99,38,replace('Thank you for choosing to open trade with \nI really appreciate and I welcome you to my humble shop\nSay hi \nI will give the instructions about the card\nSay you are ready so I can issue the gift card to you \n\nPlease redeem the gift card and release btc asap \n\n\nyou are always welcome to trade with m\n\nTRUST MY PROFILE AND LEAVE POSITIVE FEEDBACK\n\nSCAMMERS AREN&#039;T WELCOMED \n\nTHE CARDS/vouchers BELONG TO USA ','\n',char(10)),NULL,285,'2023-01-24 17:57:25.993270',1);
INSERT INTO data_offer VALUES(545,'AbkW1gBAEhe','USDT','USD',10.0,1.1000000000000000888,0,'fast','GIFTCARDS__BUYER',0.11000000000000001443,'Seen 1 minute ago',' 15 min','Africa/Cairo','buy',3,101,32,NULL,NULL,285,'2023-01-24 17:57:26.022838',1);
INSERT INTO data_offer VALUES(546,'9jcQNjuU9tQ','BTC','GBP',20.0,1.1999999999999999555,0,'','Layoka',0.27081130000000003255,'Online','','Africa/Lagos','buy',9,145,91,'Say hi, wait me send code. Release and leave feedback ',NULL,290,'2023-01-25 18:08:17.913943',1);
INSERT INTO data_offer VALUES(547,'TVbvGT5Ev8j','BTC','USD',27.0,1.2700000000000000177,0,'1 min confirming ','GutsyIlisha311',5100.2866086000003633,'Seen 2 hours ago','','Africa/Lagos','buy',2,175,27,NULL,NULL,285,'2023-01-25 18:08:19.130853',1);
DELETE FROM sqlite_sequence;
INSERT INTO sqlite_sequence VALUES('django_migrations',91);
INSERT INTO sqlite_sequence VALUES('django_admin_log',91);
INSERT INTO sqlite_sequence VALUES('django_content_type',27);
INSERT INTO sqlite_sequence VALUES('auth_permission',108);
INSERT INTO sqlite_sequence VALUES('auth_group',0);
INSERT INTO sqlite_sequence VALUES('auth_user',3);
INSERT INTO sqlite_sequence VALUES('data_tag',8);
INSERT INTO sqlite_sequence VALUES('data_category',11);
INSERT INTO sqlite_sequence VALUES('data_subcategory',125);
INSERT INTO sqlite_sequence VALUES('data_offerdetail',175);
INSERT INTO sqlite_sequence VALUES('data_offer_tags',654);
INSERT INTO sqlite_sequence VALUES('auth_user_user_permissions',10);
INSERT INTO sqlite_sequence VALUES('django_celery_beat_periodictask',13);
INSERT INTO sqlite_sequence VALUES('django_celery_beat_clockedschedule',0);
INSERT INTO sqlite_sequence VALUES('django_celery_beat_crontabschedule',2);
INSERT INTO sqlite_sequence VALUES('django_celery_results_chordcounter',0);
INSERT INTO sqlite_sequence VALUES('django_celery_results_taskresult',250);
INSERT INTO sqlite_sequence VALUES('django_celery_beat_intervalschedule',4);
INSERT INTO sqlite_sequence VALUES('data_tguser',3);
INSERT INTO sqlite_sequence VALUES('data_paymentmethod',2);
INSERT INTO sqlite_sequence VALUES('data_currencydetail',292);
INSERT INTO sqlite_sequence VALUES('data_paymentaddress',3);
INSERT INTO sqlite_sequence VALUES('data_giftorder',27);
INSERT INTO sqlite_sequence VALUES('data_paymentstatus',5);
INSERT INTO sqlite_sequence VALUES('data_payment',12);
INSERT INTO sqlite_sequence VALUES('data_offer',547);
CREATE UNIQUE INDEX "auth_group_permissions_group_id_permission_id_0cd325b0_uniq" ON "auth_group_permissions" ("group_id", "permission_id");
CREATE INDEX "auth_group_permissions_group_id_b120cbf9" ON "auth_group_permissions" ("group_id");
CREATE INDEX "auth_group_permissions_permission_id_84c5c92e" ON "auth_group_permissions" ("permission_id");
CREATE UNIQUE INDEX "auth_user_groups_user_id_group_id_94350c0c_uniq" ON "auth_user_groups" ("user_id", "group_id");
CREATE INDEX "auth_user_groups_user_id_6a12ed8b" ON "auth_user_groups" ("user_id");
CREATE INDEX "auth_user_groups_group_id_97559544" ON "auth_user_groups" ("group_id");
CREATE UNIQUE INDEX "auth_user_user_permissions_user_id_permission_id_14a6b632_uniq" ON "auth_user_user_permissions" ("user_id", "permission_id");
CREATE INDEX "auth_user_user_permissions_user_id_a95ead1b" ON "auth_user_user_permissions" ("user_id");
CREATE INDEX "auth_user_user_permissions_permission_id_1fbb5f2c" ON "auth_user_user_permissions" ("permission_id");
CREATE INDEX "django_admin_log_content_type_id_c4bce8eb" ON "django_admin_log" ("content_type_id");
CREATE INDEX "django_admin_log_user_id_c564eba6" ON "django_admin_log" ("user_id");
CREATE UNIQUE INDEX "django_content_type_app_label_model_76bd3d3b_uniq" ON "django_content_type" ("app_label", "model");
CREATE UNIQUE INDEX "auth_permission_content_type_id_codename_01ab375a_uniq" ON "auth_permission" ("content_type_id", "codename");
CREATE INDEX "auth_permission_content_type_id_2f476e4b" ON "auth_permission" ("content_type_id");
CREATE INDEX "django_session_expire_date_a5c62663" ON "django_session" ("expire_date");
CREATE INDEX "data_subcategory_category_id_9fa22c0d" ON "data_subcategory" ("category_id");
CREATE UNIQUE INDEX "data_offer_tags_offer_id_tag_id_87baeeef_uniq" ON "data_offer_tags" ("offer_id", "tag_id");
CREATE INDEX "data_offer_tags_offer_id_857ed52f" ON "data_offer_tags" ("offer_id");
CREATE INDEX "data_offer_tags_tag_id_cb5e5ac0" ON "data_offer_tags" ("tag_id");
CREATE UNIQUE INDEX "django_celery_beat_solarschedule_event_latitude_longitude_ba64999a_uniq" ON "django_celery_beat_solarschedule" ("event", "latitude", "longitude");
CREATE INDEX "django_celery_beat_periodictask_crontab_id_d3cba168" ON "django_celery_beat_periodictask" ("crontab_id");
CREATE INDEX "django_celery_beat_periodictask_interval_id_a8ca27da" ON "django_celery_beat_periodictask" ("interval_id");
CREATE INDEX "django_celery_beat_periodictask_solar_id_a87ce72c" ON "django_celery_beat_periodictask" ("solar_id");
CREATE INDEX "django_celery_beat_periodictask_clocked_id_47a69f82" ON "django_celery_beat_periodictask" ("clocked_id");
CREATE INDEX "django_cele_task_na_08aec9_idx" ON "django_celery_results_taskresult" ("task_name");
CREATE INDEX "django_cele_status_9b6201_idx" ON "django_celery_results_taskresult" ("status");
CREATE INDEX "django_cele_worker_d54dd8_idx" ON "django_celery_results_taskresult" ("worker");
CREATE INDEX "django_cele_date_cr_f04a50_idx" ON "django_celery_results_taskresult" ("date_created");
CREATE INDEX "django_cele_date_do_f59aad_idx" ON "django_celery_results_taskresult" ("date_done");
CREATE INDEX "django_cele_date_cr_bd6c1d_idx" ON "django_celery_results_groupresult" ("date_created");
CREATE INDEX "django_cele_date_do_caae0e_idx" ON "django_celery_results_groupresult" ("date_done");
CREATE INDEX "data_paymentaddress_payment_method_id_30f5ba44" ON "data_paymentaddress" ("payment_method_id");
CREATE INDEX "data_giftorder_offer_id_c7d2fa38" ON "data_giftorder" ("offer_id");
CREATE INDEX "data_giftorder_tg_user_id_189515ec" ON "data_giftorder" ("tg_user_id");
CREATE INDEX "data_giftorder_payment_status_id_d88f183e" ON "data_giftorder" ("payment_status_id");
CREATE INDEX "data_giftorder_payment_address_id_037e34f3" ON "data_giftorder" ("payment_address_id");
CREATE INDEX "data_payment_payment_id_007909dd" ON "data_payment" ("payment_id");
CREATE INDEX "data_payment_tg_user_id_af0cfff6" ON "data_payment" ("tg_user_id");
CREATE INDEX "data_payment_payment_address_id_417a0e48" ON "data_payment" ("payment_address_id");
CREATE INDEX "data_offer_category_id_3a5b1054" ON "data_offer" ("category_id");
CREATE INDEX "data_offer_subcategory_id_a23ea633" ON "data_offer" ("subcategory_id");
CREATE INDEX "data_offer_currency_ditail_id_d45baf04" ON "data_offer" ("currency_ditail_id");
COMMIT;
